asset,forecaster,alpha,ma_window,detrended_sd,bound,ratio
ASX200,Chronos-Small,0.01,MA-126,0.005615793702118968,0.0049148059083864,1.1426277673623761
ASX200,Chronos-Small,0.01,MA-252,0.007930098374920237,0.0049148059083864,1.6135120130356886
ASX200,Chronos-Small,0.01,MA-504,0.012811173549526387,0.0049148059083864,2.6066489274105384
ASX200,Chronos-Small,0.025,MA-126,0.004282505968719351,0.0031159487447633,1.3743826742710645
ASX200,Chronos-Small,0.025,MA-252,0.006039999215233132,0.0031159487447633,1.938414174939182
ASX200,Chronos-Small,0.025,MA-504,0.009646601966259029,0.0031159487447633,3.0958795398901287
ASX200,Chronos-Small,0.05,MA-126,0.003427556350048889,0.0022056829218833,1.55396603747664
ASX200,Chronos-Small,0.05,MA-252,0.0052649883230778,0.0022056829218833,2.3870105130896793
ASX200,Chronos-Small,0.05,MA-504,0.00852062155596935,0.0022056829218833,3.8630310238309784
ASX200,GJR-GARCH-t,0.01,MA-126,0.001211972697458372,0.0035159012075486,0.3447118180841602
ASX200,GJR-GARCH-t,0.01,MA-252,0.0016888088257947008,0.0035159012075486,0.4803345504045584
ASX200,GJR-GARCH-t,0.01,MA-504,0.0023578986204945765,0.0035159012075486,0.6706384739799273
ASX200,GJR-GARCH-t,0.025,MA-126,0.0008464561591413462,0.0024044192058188,0.35204183908233855
ASX200,GJR-GARCH-t,0.025,MA-252,0.001196867082971773,0.0024044192058188,0.4977780413978154
ASX200,GJR-GARCH-t,0.025,MA-504,0.0016894485022209476,0.0024044192058188,0.7026430741080457
ASX200,GJR-GARCH-t,0.05,MA-126,0.0006340754351287934,0.0016724679163709,0.3791256196439799
ASX200,GJR-GARCH-t,0.05,MA-252,0.0008983802220474642,0.0016724679163709,0.5371584191563243
ASX200,GJR-GARCH-t,0.05,MA-504,0.0013418338430637305,0.0016724679163709,0.8023076735459209
ASX200,Moirai-2.0,0.01,MA-126,0.0026159733915139907,0.0058328622489737,0.44848880015540826
ASX200,Moirai-2.0,0.01,MA-252,0.003809952706681904,0.0058328622489737,0.6531874993880185
ASX200,Moirai-2.0,0.01,MA-504,0.005965945793727719,0.0058328622489737,1.0228161645301046
ASX200,Moirai-2.0,0.025,MA-126,0.0016172531768520824,0.0035108670004136,0.46064210824891993
ASX200,Moirai-2.0,0.025,MA-252,0.002378433403365079,0.0035108670004136,0.6774490184575166
ASX200,Moirai-2.0,0.025,MA-504,0.0036845663353544927,0.0035108670004136,1.0494747693149384
ASX200,Moirai-2.0,0.05,MA-126,0.0011299695295375882,0.0023528599683529,0.4802536252629662
ASX200,Moirai-2.0,0.05,MA-252,0.0017278883550653718,0.0023528599683529,0.7343778968176187
ASX200,Moirai-2.0,0.05,MA-504,0.0027697071201356663,0.0023528599683529,1.1771661541228808
ASX200,TimesFM-2.5,0.01,MA-126,0.0028864847181331844,0.0055520206852922,0.5198980482511063
ASX200,TimesFM-2.5,0.01,MA-252,0.004252386102066542,0.0055520206852922,0.7659168333669025
ASX200,TimesFM-2.5,0.01,MA-504,0.006021102246954551,0.0055520206852922,1.084488439120011
ASX200,TimesFM-2.5,0.025,MA-126,0.001823811473443181,0.0033836964508791,0.5389997300051387
ASX200,TimesFM-2.5,0.025,MA-252,0.0026658375337187917,0.0033836964508791,0.7878477199177234
ASX200,TimesFM-2.5,0.025,MA-504,0.003817865394167103,0.0033836964508791,1.1283120249085004
ASX200,TimesFM-2.5,0.05,MA-126,0.001280023100298964,0.00232867805796,0.549678001183344
ASX200,TimesFM-2.5,0.05,MA-252,0.0019217903763833063,0.00232867805796,0.8252709599827033
ASX200,TimesFM-2.5,0.05,MA-504,0.002915265894105892,0.00232867805796,1.2518973518648442
AUDUSD,Chronos-Small,0.01,MA-126,0.0015940161918724504,0.0038325543053598,0.4159148350861539
AUDUSD,Chronos-Small,0.01,MA-252,0.0022793352256551213,0.0038325543053598,0.5947300531312726
AUDUSD,Chronos-Small,0.01,MA-504,0.003619068534852168,0.0038325543053598,0.9442967395898151
AUDUSD,Chronos-Small,0.025,MA-126,0.0010091990442779905,0.0024231235207208,0.4164868343062374
AUDUSD,Chronos-Small,0.025,MA-252,0.0014963445546322712,0.0024231235207208,0.6175271470218562
AUDUSD,Chronos-Small,0.025,MA-504,0.0024436009049669423,0.0024231235207208,1.0084508214587637
AUDUSD,Chronos-Small,0.05,MA-126,0.0007803329539347354,0.0017124626351623,0.4556788206130866
AUDUSD,Chronos-Small,0.05,MA-252,0.001205022830857115,0.0017124626351623,0.7036783203990363
AUDUSD,Chronos-Small,0.05,MA-504,0.0019612183168006858,0.0017124626351623,1.1452619616513908
AUDUSD,GJR-GARCH-t,0.01,MA-126,0.0014160965887830182,0.0059637407017793,0.23745106630147778
AUDUSD,GJR-GARCH-t,0.01,MA-252,0.001983419643780678,0.0059637407017793,0.3325797922751602
AUDUSD,GJR-GARCH-t,0.01,MA-504,0.0030306418428506583,0.0059637407017793,0.5081780034377513
AUDUSD,GJR-GARCH-t,0.025,MA-126,0.0009160986357644177,0.0028782495260912,0.3182832577439953
AUDUSD,GJR-GARCH-t,0.025,MA-252,0.001318734669865857,0.0028782495260912,0.45817246139071255
AUDUSD,GJR-GARCH-t,0.025,MA-504,0.001985435530511052,0.0028782495260912,0.6898066038101179
AUDUSD,GJR-GARCH-t,0.05,MA-126,0.0006638730251782595,0.001715756500095,0.38692729716687735
AUDUSD,GJR-GARCH-t,0.05,MA-252,0.0010051932327762034,0.001715756500095,0.5858600755529976
AUDUSD,GJR-GARCH-t,0.05,MA-504,0.001531412369406094,0.001715756500095,0.8925581044404034
AUDUSD,Moirai-2.0,0.01,MA-126,0.001988426440872629,0.0056149203723622,0.35413261613825825
AUDUSD,Moirai-2.0,0.01,MA-252,0.0029864025303537023,0.0056149203723622,0.5318690795782953
AUDUSD,Moirai-2.0,0.01,MA-504,0.004801654507100672,0.0056149203723622,0.8551598577845216
AUDUSD,Moirai-2.0,0.025,MA-126,0.0012331671637630028,0.0030488879089549,0.40446457875380165
AUDUSD,Moirai-2.0,0.025,MA-252,0.0019650384581153197,0.0030488879089549,0.6445099055113827
AUDUSD,Moirai-2.0,0.025,MA-504,0.0033140143884311988,0.0030488879089549,1.0869584213632764
AUDUSD,Moirai-2.0,0.05,MA-126,0.0008050252038036132,0.0019597366580336,0.4107823367509876
AUDUSD,Moirai-2.0,0.05,MA-252,0.0012997255253490514,0.0019597366580336,0.6632143762893103
AUDUSD,Moirai-2.0,0.05,MA-504,0.0022857569086753645,0.0019597366580336,1.1663592142879509
AUDUSD,TimesFM-2.5,0.01,MA-126,0.0018493021812417817,0.0047904588835563,0.386038629324152
AUDUSD,TimesFM-2.5,0.01,MA-252,0.002854844898926024,0.0047904588835563,0.5959439311180703
AUDUSD,TimesFM-2.5,0.01,MA-504,0.004343033557886917,0.0047904588835563,0.9066007377278171
AUDUSD,TimesFM-2.5,0.025,MA-126,0.0011796280167334257,0.002904083248706,0.4061963503487869
AUDUSD,TimesFM-2.5,0.025,MA-252,0.0019370395113076796,0.002904083248706,0.6670055041193412
AUDUSD,TimesFM-2.5,0.025,MA-504,0.003076690994425825,0.002904083248706,1.059436225113979
AUDUSD,TimesFM-2.5,0.05,MA-126,0.0008110465855824697,0.0018744023430301,0.4326961010256513
AUDUSD,TimesFM-2.5,0.05,MA-252,0.0013244197904755252,0.0018744023430301,0.7065824450125845
AUDUSD,TimesFM-2.5,0.05,MA-504,0.002141401450727169,0.0018744023430301,1.1424449284807479
BOVESPA,Chronos-Small,0.01,MA-126,0.00538702876717053,0.0078166287660212,0.6891754653346063
BOVESPA,Chronos-Small,0.01,MA-252,0.006629947757276093,0.0078166287660212,0.8481850623502044
BOVESPA,Chronos-Small,0.01,MA-504,0.008023214975212807,0.0078166287660212,1.0264290674887409
BOVESPA,Chronos-Small,0.025,MA-126,0.001813138300803494,0.0049491300757313,0.366354949871787
BOVESPA,Chronos-Small,0.025,MA-252,0.0029532866555306444,0.0049491300757313,0.5967284371878743
BOVESPA,Chronos-Small,0.025,MA-504,0.004218805998873094,0.0049491300757313,0.852433848841548
BOVESPA,Chronos-Small,0.05,MA-126,0.0016270917431520924,0.0035042642069838,0.4643176561599981
BOVESPA,Chronos-Small,0.05,MA-252,0.0024281501851071857,0.0035042642069838,0.6929129887717999
BOVESPA,Chronos-Small,0.05,MA-504,0.0032427595987867507,0.0035042642069838,0.9253753162572944
BOVESPA,GJR-GARCH-t,0.01,MA-126,0.002699336536514469,0.0076898639764928,0.3510252645256262
BOVESPA,GJR-GARCH-t,0.01,MA-252,0.003669362783921952,0.0076898639764928,0.4771687503366579
BOVESPA,GJR-GARCH-t,0.01,MA-504,0.00549754279669468,0.0076898639764928,0.7149076776260488
BOVESPA,GJR-GARCH-t,0.025,MA-126,0.0015775547122280605,0.0046382484376849,0.3401186317254427
BOVESPA,GJR-GARCH-t,0.025,MA-252,0.002127500503985634,0.0046382484376849,0.45868618996345495
BOVESPA,GJR-GARCH-t,0.025,MA-504,0.0030339276233415455,0.0046382484376849,0.6541106333786375
BOVESPA,GJR-GARCH-t,0.05,MA-126,0.0010347244183522833,0.0030475532303661,0.33952628227858145
BOVESPA,GJR-GARCH-t,0.05,MA-252,0.001392617466586558,0.0030475532303661,0.45696247491607034
BOVESPA,GJR-GARCH-t,0.05,MA-504,0.001974209100238619,0.0030475532303661,0.6478013511191267
BOVESPA,Moirai-2.0,0.01,MA-126,0.004806909367453399,0.0102835982040941,0.4674345761136092
BOVESPA,Moirai-2.0,0.01,MA-252,0.006918385960476472,0.0102835982040941,0.6727592641379286
BOVESPA,Moirai-2.0,0.01,MA-504,0.010285344882757804,0.0102835982040941,1.0001698509246508
BOVESPA,Moirai-2.0,0.025,MA-126,0.0029251538024646414,0.0059433420465248,0.49217322165986416
BOVESPA,Moirai-2.0,0.025,MA-252,0.004387428051033942,0.0059433420465248,0.7382089095140276
BOVESPA,Moirai-2.0,0.025,MA-504,0.006673823413723412,0.0059433420465248,1.1229075091893357
BOVESPA,Moirai-2.0,0.05,MA-126,0.0018953155668564672,0.003860415766791,0.49096151330662574
BOVESPA,Moirai-2.0,0.05,MA-252,0.002873991106193469,0.003860415766791,0.7444770925755742
BOVESPA,Moirai-2.0,0.05,MA-504,0.004240098955588546,0.003860415766791,1.0983529266623944
BOVESPA,TimesFM-2.5,0.01,MA-126,0.004872862682867039,0.0100885954858894,0.48300704391236204
BOVESPA,TimesFM-2.5,0.01,MA-252,0.007138913314062395,0.0100885954858894,0.7076221188615767
BOVESPA,TimesFM-2.5,0.01,MA-504,0.010901333351590561,0.0100885954858894,1.0805600607971557
BOVESPA,TimesFM-2.5,0.025,MA-126,0.0030968046033553282,0.0059219759867794,0.5229343398671041
BOVESPA,TimesFM-2.5,0.025,MA-252,0.004587232436341167,0.0059219759867794,0.7746117928512375
BOVESPA,TimesFM-2.5,0.025,MA-504,0.006975588341933664,0.0059219759867794,1.177915675022394
BOVESPA,TimesFM-2.5,0.05,MA-126,0.0020509733141296283,0.0038037907980825,0.5391919332586663
BOVESPA,TimesFM-2.5,0.05,MA-252,0.00304389804459766,0.0038037907980825,0.8002275114951369
BOVESPA,TimesFM-2.5,0.05,MA-504,0.004491746862967354,0.0038037907980825,1.1808606470239253
BTC,Chronos-Small,0.01,MA-126,0.01664822267955282,0.0187600833039425,0.8874279719245243
BTC,Chronos-Small,0.01,MA-252,0.024357314312725944,0.0187600833039425,1.298358537011782
BTC,Chronos-Small,0.01,MA-504,0.03798122952537757,0.0187600833039425,2.024576805444978
BTC,Chronos-Small,0.025,MA-126,0.007737405665932138,0.0118371961670954,0.6536518916059102
BTC,Chronos-Small,0.025,MA-252,0.011582455920920954,0.0118371961670954,0.9784796802740701
BTC,Chronos-Small,0.025,MA-504,0.017716994747945847,0.0118371961670954,1.4967222387675634
BTC,Chronos-Small,0.05,MA-126,0.006322390837072007,0.0083594807879036,0.7563138187027932
BTC,Chronos-Small,0.05,MA-252,0.009539010067573066,0.0083594807879036,1.1411007824046053
BTC,Chronos-Small,0.05,MA-504,0.01434416267410537,0.0083594807879036,1.715915502175897
BTC,GJR-GARCH-t,0.01,MA-126,0.014042862011087733,0.0455625664113462,0.3082105139624162
BTC,GJR-GARCH-t,0.01,MA-252,0.019213259371747074,0.0455625664113462,0.4216895773228986
BTC,GJR-GARCH-t,0.01,MA-504,0.029161232186258563,0.0455625664113462,0.6400261109742207
BTC,GJR-GARCH-t,0.025,MA-126,0.008723323627391673,0.0221451990578025,0.39391488893924176
BTC,GJR-GARCH-t,0.025,MA-252,0.011693439463663831,0.0221451990578025,0.5280349674501498
BTC,GJR-GARCH-t,0.025,MA-504,0.016673083197421043,0.0221451990578025,0.7528983213879288
BTC,GJR-GARCH-t,0.05,MA-126,0.006104938716255298,0.0132871654615735,0.4594613301016525
BTC,GJR-GARCH-t,0.05,MA-252,0.008051347020438878,0.0132871654615735,0.6059491803367231
BTC,GJR-GARCH-t,0.05,MA-504,0.011719524562814042,0.0132871654615735,0.8820184106765978
BTC,Moirai-2.0,0.01,MA-126,0.012093972488088616,0.0314237310821594,0.3848674893655414
BTC,Moirai-2.0,0.01,MA-252,0.015829575360788974,0.0314237310821594,0.5037458893535435
BTC,Moirai-2.0,0.01,MA-504,0.02227492548809509,0.0314237310821594,0.7088568009271667
BTC,Moirai-2.0,0.025,MA-126,0.006694360017514829,0.0162085680511613,0.4130136602064114
BTC,Moirai-2.0,0.025,MA-252,0.008739742672848624,0.0162085680511613,0.5392051071545734
BTC,Moirai-2.0,0.025,MA-504,0.012167697722742378,0.0162085680511613,0.7506954151863277
BTC,Moirai-2.0,0.05,MA-126,0.004315200838620836,0.0102989166843455,0.4189956061281671
BTC,Moirai-2.0,0.05,MA-252,0.00564397732238914,0.0102989166843455,0.5480166016847253
BTC,Moirai-2.0,0.05,MA-504,0.007795070733114722,0.0102989166843455,0.7568825898905794
BTC,TimesFM-2.5,0.01,MA-126,0.012579081960140584,0.0362042865249035,0.3474473099059121
BTC,TimesFM-2.5,0.01,MA-252,0.017042878248284207,0.0362042865249035,0.4707420000270157
BTC,TimesFM-2.5,0.01,MA-504,0.026375202585100226,0.0362042865249035,0.728510491898736
BTC,TimesFM-2.5,0.025,MA-126,0.007511338345999359,0.0177417164376934,0.423371570184779
BTC,TimesFM-2.5,0.025,MA-252,0.010220038553736932,0.0177417164376934,0.576045648662483
BTC,TimesFM-2.5,0.025,MA-504,0.01613060182075511,0.0177417164376934,0.9091906004361915
BTC,TimesFM-2.5,0.05,MA-126,0.004777909682791123,0.010670858568478,0.44775306992683744
BTC,TimesFM-2.5,0.05,MA-252,0.006535652785488612,0.010670858568478,0.6124767509144113
BTC,TimesFM-2.5,0.05,MA-504,0.010583711150327225,0.010670858568478,0.9918331390495408
CBU0,Chronos-Small,0.01,MA-126,0.0014604040134645804,0.0017806242800065,0.8201640457577324
CBU0,Chronos-Small,0.01,MA-252,0.0016431828406168192,0.0017806242800065,0.9228127792410092
CBU0,Chronos-Small,0.01,MA-504,0.001999088001368968,0.0017806242800065,1.122689398215816
CBU0,Chronos-Small,0.025,MA-126,0.0006910784500815818,0.0011181829531163,0.6180370109878648
CBU0,Chronos-Small,0.025,MA-252,0.00087987156782627,0.0011181829531163,0.7868762132119146
CBU0,Chronos-Small,0.025,MA-504,0.0012577301925684088,0.0011181829531163,1.1247982175575115
CBU0,Chronos-Small,0.05,MA-126,0.0004937125702113395,0.0007891080887544,0.6256589905074479
CBU0,Chronos-Small,0.05,MA-252,0.0006729662374829504,0.0007891080887544,0.8528188306182762
CBU0,Chronos-Small,0.05,MA-504,0.0011340035928885672,0.0007891080887544,1.437070040276208
CBU0,GJR-GARCH-t,0.01,MA-126,0.0024483796451277196,0.0045822119465544,0.5343226532698431
CBU0,GJR-GARCH-t,0.01,MA-252,0.00339912644784246,0.0045822119465544,0.7418090842346211
CBU0,GJR-GARCH-t,0.01,MA-504,0.004936151823769837,0.0045822119465544,1.077242144480371
CBU0,GJR-GARCH-t,0.025,MA-126,0.0014215498756868315,0.0022012280357812,0.6457985508904049
CBU0,GJR-GARCH-t,0.025,MA-252,0.0020789874743299135,0.0022012280357812,0.9444671067857338
CBU0,GJR-GARCH-t,0.025,MA-504,0.0027818405600823623,0.0022012280357812,1.263767549233084
CBU0,GJR-GARCH-t,0.05,MA-126,0.0009674016752249905,0.0011868935761818,0.8150702764245231
CBU0,GJR-GARCH-t,0.05,MA-252,0.0013765609532339319,0.0011868935761818,1.1598015027280593
CBU0,GJR-GARCH-t,0.05,MA-504,0.001781290140898716,0.0011868935761818,1.5008002205463706
CBU0,Moirai-2.0,0.01,MA-126,0.0009504028236525604,0.0037461215732633,0.253703144723264
CBU0,Moirai-2.0,0.01,MA-252,0.001502112105749282,0.0037461215732633,0.40097793848179114
CBU0,Moirai-2.0,0.01,MA-504,0.0018081794744444631,0.0037461215732633,0.48268040400763934
CBU0,Moirai-2.0,0.025,MA-126,0.00046175649575566646,0.0017014309547335,0.27139302624712897
CBU0,Moirai-2.0,0.025,MA-252,0.0007015635164349577,0.0017014309547335,0.4123373413908798
CBU0,Moirai-2.0,0.025,MA-504,0.0008578870067669251,0.0017014309547335,0.5042149987810104
CBU0,Moirai-2.0,0.05,MA-126,0.00029171561045146353,0.0010164302449416,0.2870001280493423
CBU0,Moirai-2.0,0.05,MA-252,0.00042183205275392815,0.0010164302449416,0.41501328286248007
CBU0,Moirai-2.0,0.05,MA-504,0.0005864010101953741,0.0010164302449416,0.5769220397697497
CBU0,TimesFM-2.5,0.01,MA-126,0.0012701770094461125,0.0044724875660082,0.28399788500245626
CBU0,TimesFM-2.5,0.01,MA-252,0.0019238274874939115,0.0044724875660082,0.4301470846146974
CBU0,TimesFM-2.5,0.01,MA-504,0.002581077447433254,0.0044724875660082,0.5771010895703677
CBU0,TimesFM-2.5,0.025,MA-126,0.0005819651270993092,0.0020495655291402,0.2839456064346699
CBU0,TimesFM-2.5,0.025,MA-252,0.0008622273974591718,0.0020495655291402,0.42068788979920013
CBU0,TimesFM-2.5,0.025,MA-504,0.0011187935801043995,0.0020495655291402,0.5458686556724719
CBU0,TimesFM-2.5,0.05,MA-126,0.00033784592817877947,0.0011648126202296,0.2900431557070403
CBU0,TimesFM-2.5,0.05,MA-252,0.0004986792788940647,0.0011648126202296,0.42811974238033956
CBU0,TimesFM-2.5,0.05,MA-504,0.0006883218819001422,0.0011648126202296,0.5909292790495907
DJCI,Chronos-Small,0.01,MA-126,0.0025848189896116604,0.0038716840428586,0.6676213660511403
DJCI,Chronos-Small,0.01,MA-252,0.003713914936793253,0.0038716840428586,0.9592505213961465
DJCI,Chronos-Small,0.01,MA-504,0.004658031704765988,0.0038716840428586,1.2031022297281262
DJCI,Chronos-Small,0.025,MA-126,0.0018613270359733617,0.0024539026795309,0.7585170559124138
DJCI,Chronos-Small,0.025,MA-252,0.0027471000658850363,0.0024539026795309,1.119482075959991
DJCI,Chronos-Small,0.025,MA-504,0.0034885869591983897,0.0024539026795309,1.4216484574951787
DJCI,Chronos-Small,0.05,MA-126,0.0012593529163881592,0.0017376249451121,0.7247553161173765
DJCI,Chronos-Small,0.05,MA-252,0.0018692241744105173,0.0017376249451121,1.0757351174478722
DJCI,Chronos-Small,0.05,MA-504,0.0024726293341551264,0.0017376249451121,1.4229936909633907
DJCI,GJR-GARCH-t,0.01,MA-126,0.0021050094044904725,0.0042960011782277,0.4899927437540617
DJCI,GJR-GARCH-t,0.01,MA-252,0.0030461801027885987,0.0042960011782277,0.7090733862520238
DJCI,GJR-GARCH-t,0.01,MA-504,0.004744485168512921,0.0042960011782277,1.1043956860529172
DJCI,GJR-GARCH-t,0.025,MA-126,0.001227214118256878,0.0025095816534157,0.4890114320793514
DJCI,GJR-GARCH-t,0.025,MA-252,0.0018045297813223393,0.0025095816534157,0.7190560143226501
DJCI,GJR-GARCH-t,0.025,MA-504,0.0031466672856398812,0.0025095816534157,1.2538612885367038
DJCI,GJR-GARCH-t,0.05,MA-126,0.0008236834466139109,0.0017400952065466,0.47335539085162837
DJCI,GJR-GARCH-t,0.05,MA-252,0.0012363440367048897,0.0017400952065466,0.7105036736228606
DJCI,GJR-GARCH-t,0.05,MA-504,0.0021736608564365037,0.0017400952065466,1.2491620276055813
DJCI,Moirai-2.0,0.01,MA-126,0.0018029297841121077,0.0041678045848247,0.43258500906609565
DJCI,Moirai-2.0,0.01,MA-252,0.002602534461569829,0.0041678045848247,0.6244377366073878
DJCI,Moirai-2.0,0.01,MA-504,0.004642137498709251,0.0041678045848247,1.113808818103333
DJCI,Moirai-2.0,0.025,MA-126,0.001199233038484357,0.0025986115146028,0.461489927118891
DJCI,Moirai-2.0,0.025,MA-252,0.0017405029285225096,0.0025986115146028,0.6697818888055482
DJCI,Moirai-2.0,0.025,MA-504,0.003256139339492621,0.0025986115146028,1.2530304438331272
DJCI,Moirai-2.0,0.05,MA-126,0.0008073027856852125,0.0018330634545877,0.44041180552955506
DJCI,Moirai-2.0,0.05,MA-252,0.001172859187866619,0.0018330634545877,0.6398355632104527
DJCI,Moirai-2.0,0.05,MA-504,0.0022569948159099503,0.0018330634545877,1.231269332363403
DJCI,TimesFM-2.5,0.01,MA-126,0.0018977950650092368,0.0036799943156818,0.5157059772951385
DJCI,TimesFM-2.5,0.01,MA-252,0.002732078976870339,0.0036799943156818,0.7424139122247968
DJCI,TimesFM-2.5,0.01,MA-504,0.00456481480482207,0.0036799943156818,1.2404407217070217
DJCI,TimesFM-2.5,0.025,MA-126,0.0012319905487618008,0.0024322331383862,0.5065265041077572
DJCI,TimesFM-2.5,0.025,MA-252,0.0018137028101862132,0.0024322331383862,0.745694473758225
DJCI,TimesFM-2.5,0.025,MA-504,0.003235499160446379,0.0024322331383862,1.3302586455972516
DJCI,TimesFM-2.5,0.05,MA-126,0.0008450612365915722,0.0017232124390541,0.49039875609036365
DJCI,TimesFM-2.5,0.05,MA-252,0.001213851902944706,0.0017232124390541,0.7044122218680184
DJCI,TimesFM-2.5,0.05,MA-504,0.002188023353490546,0.0017232124390541,1.269735120233689
ETH,Chronos-Small,0.01,MA-126,0.012801319570769305,0.019760275328971,0.6478310325970505
ETH,Chronos-Small,0.01,MA-252,0.016716859415570266,0.019760275328971,0.8459831220601106
ETH,Chronos-Small,0.01,MA-504,0.024121734359370827,0.019760275328971,1.2207185354348473
ETH,Chronos-Small,0.025,MA-126,0.007140601088171294,0.0125021327038748,0.5711506394391574
ETH,Chronos-Small,0.025,MA-252,0.009599819298557436,0.0125021327038748,0.7678545353771644
ETH,Chronos-Small,0.025,MA-504,0.015716500762706507,0.0125021327038748,1.2571055783014904
ETH,Chronos-Small,0.05,MA-126,0.005650003159037332,0.0088434255544759,0.638893053854873
ETH,Chronos-Small,0.05,MA-252,0.007719333871649238,0.0088434255544759,0.8728895634500222
ETH,Chronos-Small,0.05,MA-504,0.012243188322647015,0.0088434255544759,1.384439575730968
ETH,GJR-GARCH-t,0.01,MA-126,0.010877122920345204,0.0189760074482608,0.573203976126291
ETH,GJR-GARCH-t,0.01,MA-252,0.015750186132037332,0.0189760074482608,0.8300052671765197
ETH,GJR-GARCH-t,0.01,MA-504,0.02393899553292378,0.0189760074482608,1.2615401631873753
ETH,GJR-GARCH-t,0.025,MA-126,0.006871546445564027,0.0138073785994979,0.4976720523774084
ETH,GJR-GARCH-t,0.025,MA-252,0.010607418858967944,0.0138073785994979,0.768242775594904
ETH,GJR-GARCH-t,0.025,MA-504,0.017088479505971407,0.0138073785994979,1.2376338769035293
ETH,GJR-GARCH-t,0.05,MA-126,0.0050716454058806,0.0102754765532044,0.49356790214260293
ETH,GJR-GARCH-t,0.05,MA-252,0.0077194611656425565,0.0102754765532044,0.7512509152906635
ETH,GJR-GARCH-t,0.05,MA-504,0.012624590536725227,0.0102754765532044,1.228613628901548
ETH,Moirai-2.0,0.01,MA-126,0.008797560522405636,0.022739635222506,0.3868822184842466
ETH,Moirai-2.0,0.01,MA-252,0.011743367028211299,0.022739635222506,0.5164272387530908
ETH,Moirai-2.0,0.01,MA-504,0.019197833002212856,0.022739635222506,0.8442454249755188
ETH,Moirai-2.0,0.025,MA-126,0.005287516924149972,0.0137642485608826,0.3841486079506633
ETH,Moirai-2.0,0.025,MA-252,0.007464059189448777,0.0137642485608826,0.5422787271265437
ETH,Moirai-2.0,0.025,MA-504,0.012460801077760417,0.0137642485608826,0.9053019511122078
ETH,Moirai-2.0,0.05,MA-126,0.003773191747836489,0.009409467777981,0.4009994865667213
ETH,Moirai-2.0,0.05,MA-252,0.005367365361449265,0.009409467777981,0.5704217802848938
ETH,Moirai-2.0,0.05,MA-504,0.009130949974223266,0.009409467777981,0.9704002595758401
ETH,TimesFM-2.5,0.01,MA-126,0.010411609842093682,0.0220933225200255,0.4712559567560083
ETH,TimesFM-2.5,0.01,MA-252,0.01395800009870949,0.0220933225200255,0.6317746045692262
ETH,TimesFM-2.5,0.01,MA-504,0.021786276476088096,0.0220933225200255,0.9861023146853943
ETH,TimesFM-2.5,0.025,MA-126,0.006305697633702042,0.0141167219557262,0.44668285268197455
ETH,TimesFM-2.5,0.025,MA-252,0.009051288992320338,0.0141167219557262,0.6411749852910322
ETH,TimesFM-2.5,0.025,MA-504,0.014510325340501768,0.0141167219557262,1.027882066814804
ETH,TimesFM-2.5,0.05,MA-126,0.003969255927683338,0.0094987881700917,0.4178697173373242
ETH,TimesFM-2.5,0.05,MA-252,0.005687105283347677,0.0094987881700917,0.5987190346295274
ETH,TimesFM-2.5,0.05,MA-504,0.009426520559328893,0.0094987881700917,0.9923919125820331
EURUSD,Chronos-Small,0.01,MA-126,0.007277764974523773,0.0036264048700571,2.0068815356541205
EURUSD,Chronos-Small,0.01,MA-252,0.010964358592948982,0.0036264048700571,3.023478895994407
EURUSD,Chronos-Small,0.01,MA-504,0.012573123247785842,0.0036264048700571,3.4671041150426953
EURUSD,Chronos-Small,0.025,MA-126,0.004111994922363819,0.0022847585861994,1.799750287492715
EURUSD,Chronos-Small,0.025,MA-252,0.006138341842150671,0.0022847585861994,2.6866478932295186
EURUSD,Chronos-Small,0.025,MA-504,0.007140682630130525,0.0022847585861994,3.1253554197201865
EURUSD,Chronos-Small,0.05,MA-126,0.0025193096018152803,0.0016089781484672,1.5657823595772955
EURUSD,Chronos-Small,0.05,MA-252,0.003776504384342912,0.0016089781484672,2.3471446072406983
EURUSD,Chronos-Small,0.05,MA-504,0.004443044403198192,0.0016089781484672,2.761407547660531
EURUSD,GJR-GARCH-t,0.01,MA-126,0.0021432850192311488,0.0062113961777006,0.3450568854270977
EURUSD,GJR-GARCH-t,0.01,MA-252,0.0028463441434573335,0.0062113961777006,0.4582454672068628
EURUSD,GJR-GARCH-t,0.01,MA-504,0.00418238486388269,0.0062113961777006,0.6733405411971274
EURUSD,GJR-GARCH-t,0.025,MA-126,0.0012713343498505234,0.0032331146585875,0.39322278486898776
EURUSD,GJR-GARCH-t,0.025,MA-252,0.0017171742578289298,0.0032331146585875,0.5311207424295734
EURUSD,GJR-GARCH-t,0.025,MA-504,0.002524632713013938,0.0032331146585875,0.7808670522427165
EURUSD,GJR-GARCH-t,0.05,MA-126,0.0008533804308456149,0.0017264722722382,0.4942914198901624
EURUSD,GJR-GARCH-t,0.05,MA-252,0.0011813454460683924,0.0017264722722382,0.6842539350700925
EURUSD,GJR-GARCH-t,0.05,MA-504,0.001733196820854978,0.0017264722722382,1.0038949647352635
EURUSD,Moirai-2.0,0.01,MA-126,0.002340165605183471,0.0101298069089841,0.23101778999439607
EURUSD,Moirai-2.0,0.01,MA-252,0.0034477898496240323,0.0101298069089841,0.3403608657699286
EURUSD,Moirai-2.0,0.01,MA-504,0.005884661335501184,0.0101298069089841,0.5809253215164539
EURUSD,Moirai-2.0,0.025,MA-126,0.0014581540816189982,0.0051202605930045,0.2847812245359514
EURUSD,Moirai-2.0,0.025,MA-252,0.0021662579475731063,0.0051202605930045,0.42307572207022676
EURUSD,Moirai-2.0,0.025,MA-504,0.0036499373385091593,0.0051202605930045,0.7128421048522112
EURUSD,Moirai-2.0,0.05,MA-126,0.0007740298597610828,0.0028674587348347,0.2699358321561699
EURUSD,Moirai-2.0,0.05,MA-252,0.0011721173792572349,0.0028674587348347,0.4087652125619181
EURUSD,Moirai-2.0,0.05,MA-504,0.0020609632858707224,0.0028674587348347,0.718742090630131
EURUSD,TimesFM-2.5,0.01,MA-126,0.0020821216236224733,0.0090999006579069,0.228807071845704
EURUSD,TimesFM-2.5,0.01,MA-252,0.0031668218491154804,0.0090999006579069,0.3480062000856933
EURUSD,TimesFM-2.5,0.01,MA-504,0.005507483725060613,0.0090999006579069,0.6052245988284677
EURUSD,TimesFM-2.5,0.025,MA-126,0.0013925058321697292,0.0049551024219912,0.28102463149695156
EURUSD,TimesFM-2.5,0.025,MA-252,0.0020911715514292393,0.0049551024219912,0.42202388030334703
EURUSD,TimesFM-2.5,0.025,MA-504,0.0035361883369336615,0.0049551024219912,0.7136458615345129
EURUSD,TimesFM-2.5,0.05,MA-126,0.000779466283113681,0.0027571707959343,0.2827051136125028
EURUSD,TimesFM-2.5,0.05,MA-252,0.0012036785533447948,0.0027571707959343,0.4365629271569714
EURUSD,TimesFM-2.5,0.05,MA-504,0.002076414219861669,0.0027571707959343,0.7530959717560956
FCHI,Chronos-Small,0.01,MA-126,0.0044409151736489755,0.0064497838923358,0.6885370498887663
FCHI,Chronos-Small,0.01,MA-252,0.0062887225750728115,0.0064497838923358,0.9750284164630112
FCHI,Chronos-Small,0.01,MA-504,0.009693409488176366,0.0064497838923358,1.5029045391264857
FCHI,Chronos-Small,0.025,MA-126,0.003885420660923151,0.0040756636684891,0.9533222014768272
FCHI,Chronos-Small,0.025,MA-252,0.0051557209888532145,0.0040756636684891,1.2650015821262566
FCHI,Chronos-Small,0.025,MA-504,0.00843590606228013,0.0040756636684891,2.069823898252975
FCHI,Chronos-Small,0.05,MA-126,0.003106609529309295,0.0028851472938211,1.0767594209011386
FCHI,Chronos-Small,0.05,MA-252,0.004348515094926894,0.0028851472938211,1.5072073111275037
FCHI,Chronos-Small,0.05,MA-504,0.0072989810530926175,0.0028851472938211,2.529846940128252
FCHI,GJR-GARCH-t,0.01,MA-126,0.0025161368856735297,0.0062210625591497,0.4044545223183606
FCHI,GJR-GARCH-t,0.01,MA-252,0.0033318365797087813,0.0062210625591497,0.5355735532362464
FCHI,GJR-GARCH-t,0.01,MA-504,0.004723699834954894,0.0062210625591497,0.7593075604114377
FCHI,GJR-GARCH-t,0.025,MA-126,0.0015589698319901052,0.0036211814102098,0.4305141486683439
FCHI,GJR-GARCH-t,0.025,MA-252,0.002077265729915681,0.0036211814102098,0.5736431000277699
FCHI,GJR-GARCH-t,0.025,MA-504,0.002782392610456922,0.0036211814102098,0.7683659820554858
FCHI,GJR-GARCH-t,0.05,MA-126,0.0010332159838284656,0.0024167300110482,0.4275264423849863
FCHI,GJR-GARCH-t,0.05,MA-252,0.0013733666687073434,0.0024167300110482,0.568274760701001
FCHI,GJR-GARCH-t,0.05,MA-504,0.001878948508515621,0.0024167300110482,0.7774755557823653
FCHI,Moirai-2.0,0.01,MA-126,0.0034162028183067302,0.007537998050835,0.453197625585524
FCHI,Moirai-2.0,0.01,MA-252,0.004769572873683969,0.007537998050835,0.6327373450508696
FCHI,Moirai-2.0,0.01,MA-504,0.00732571284554617,0.007537998050835,0.9718379861791933
FCHI,Moirai-2.0,0.025,MA-126,0.0021028399975449386,0.0043296707012147,0.485681277551889
FCHI,Moirai-2.0,0.025,MA-252,0.0031295965826208505,0.0043296707012147,0.7228255446177083
FCHI,Moirai-2.0,0.025,MA-504,0.004971435821305509,0.0043296707012147,1.1482249261845157
FCHI,Moirai-2.0,0.05,MA-126,0.0015356912156756144,0.0029269415420781,0.5246743720700648
FCHI,Moirai-2.0,0.05,MA-252,0.0023537409638692366,0.0029269415420781,0.8041639814227732
FCHI,Moirai-2.0,0.05,MA-504,0.003872646818156369,0.0029269415420781,1.3231035750057474
FCHI,TimesFM-2.5,0.01,MA-126,0.003956572996549007,0.0075566214926364,0.5235902050148358
FCHI,TimesFM-2.5,0.01,MA-252,0.005834760999075483,0.0075566214926364,0.7721388460122298
FCHI,TimesFM-2.5,0.01,MA-504,0.008740275756553947,0.0075566214926364,1.1566380246874832
FCHI,TimesFM-2.5,0.025,MA-126,0.0023809020687897654,0.0042583073027646,0.5591193635189325
FCHI,TimesFM-2.5,0.025,MA-252,0.0037063776870656694,0.0042583073027646,0.8703875562619438
FCHI,TimesFM-2.5,0.025,MA-504,0.005756251234787798,0.0042583073027646,1.3517698055869982
FCHI,TimesFM-2.5,0.05,MA-126,0.0016997191923993934,0.002855567609217,0.5952298894668645
FCHI,TimesFM-2.5,0.05,MA-252,0.0026607728993399333,0.002855567609217,0.9317842416868989
FCHI,TimesFM-2.5,0.05,MA-504,0.0041846301387136325,0.002855567609217,1.4654284931677954
FTSE100,Chronos-Small,0.01,MA-126,0.008259604889983228,0.005494392280259,1.5032790650313521
FTSE100,Chronos-Small,0.01,MA-252,0.012284579736777037,0.005494392280259,2.2358395815520393
FTSE100,Chronos-Small,0.01,MA-504,0.020857302463699032,0.005494392280259,3.796107267156367
FTSE100,Chronos-Small,0.025,MA-126,0.005484465226886825,0.0034724398367456,1.579426997942436
FTSE100,Chronos-Small,0.025,MA-252,0.008334765602415835,0.0034724398367456,2.400262061913
FTSE100,Chronos-Small,0.025,MA-504,0.0145112309770461,0.0034724398367456,4.17897261271088
FTSE100,Chronos-Small,0.05,MA-126,0.004708343851181941,0.0024562730215791,1.9168650267367344
FTSE100,Chronos-Small,0.05,MA-252,0.007235763194604357,0.0024562730215791,2.9458301789076344
FTSE100,Chronos-Small,0.05,MA-504,0.012133192433351847,0.0024562730215791,4.93967581240281
FTSE100,GJR-GARCH-t,0.01,MA-126,0.0018130447616538144,0.0036386328839205,0.49827636353913285
FTSE100,GJR-GARCH-t,0.01,MA-252,0.0024234406170171715,0.0036386328839205,0.6660305379326971
FTSE100,GJR-GARCH-t,0.01,MA-504,0.00367509842259368,0.0036386328839205,1.0100217691194748
FTSE100,GJR-GARCH-t,0.025,MA-126,0.0010995988444801193,0.0026023456674172,0.42254142416501467
FTSE100,GJR-GARCH-t,0.025,MA-252,0.0014569330308799092,0.0026023456674172,0.5598537692826563
FTSE100,GJR-GARCH-t,0.025,MA-504,0.002244647657195807,0.0026023456674172,0.8625478487735243
FTSE100,GJR-GARCH-t,0.05,MA-126,0.0007396470559044523,0.001923180903721,0.3845956740072511
FTSE100,GJR-GARCH-t,0.05,MA-252,0.000980187046250578,0.001923180903721,0.5096697062424533
FTSE100,GJR-GARCH-t,0.05,MA-504,0.0015351705412648322,0.001923180903721,0.7982455203743759
FTSE100,Moirai-2.0,0.01,MA-126,0.0025993415248685746,0.0061876795784035,0.4200834079936695
FTSE100,Moirai-2.0,0.01,MA-252,0.003601067087532601,0.0061876795784035,0.5819737499176908
FTSE100,Moirai-2.0,0.01,MA-504,0.0057118418275485024,0.0061876795784035,0.9230991610302857
FTSE100,Moirai-2.0,0.025,MA-126,0.0016917601276108304,0.0036513731066719,0.4633216267380605
FTSE100,Moirai-2.0,0.025,MA-252,0.0024199309268752114,0.0036513731066719,0.6627454538823875
FTSE100,Moirai-2.0,0.025,MA-504,0.004046869051095395,0.0036513731066719,1.1083143061170146
FTSE100,Moirai-2.0,0.05,MA-126,0.0012263954214788934,0.002501058447983,0.4903505643652312
FTSE100,Moirai-2.0,0.05,MA-252,0.0018493366940687378,0.002501058447983,0.7394216218977814
FTSE100,Moirai-2.0,0.05,MA-504,0.0032192323028247196,0.002501058447983,1.2871479694610484
FTSE100,TimesFM-2.5,0.01,MA-126,0.0034540621749166315,0.0063760334908481,0.5417258519539542
FTSE100,TimesFM-2.5,0.01,MA-252,0.005153899841812151,0.0063760334908481,0.8083238347492764
FTSE100,TimesFM-2.5,0.01,MA-504,0.008087336602580764,0.0063760334908481,1.2683961924273137
FTSE100,TimesFM-2.5,0.025,MA-126,0.002162029323363397,0.0037668902295592,0.5739560198483397
FTSE100,TimesFM-2.5,0.025,MA-252,0.0032840343948621746,0.0037668902295592,0.8718157935933458
FTSE100,TimesFM-2.5,0.025,MA-504,0.005464160562739085,0.0037668902295592,1.450576000293616
FTSE100,TimesFM-2.5,0.05,MA-126,0.0014857270664171572,0.002485597758194,0.5977343122069217
FTSE100,TimesFM-2.5,0.05,MA-252,0.0022749200557419308,0.002485597758194,0.9152406290367976
FTSE100,TimesFM-2.5,0.05,MA-504,0.0038901101716496893,0.002485597758194,1.5650602189455576
GBPUSD,Chronos-Small,0.01,MA-126,0.002433435556874506,0.0027566724768083,0.8827438070161892
GBPUSD,Chronos-Small,0.01,MA-252,0.003576500499235855,0.0027566724768083,1.2973976884540015
GBPUSD,Chronos-Small,0.01,MA-504,0.005835173601114784,0.0027566724768083,2.116745333443021
GBPUSD,Chronos-Small,0.025,MA-126,0.0013877897342087447,0.0017428893646913,0.7962580771468243
GBPUSD,Chronos-Small,0.025,MA-252,0.0021645927861109063,0.0017428893646913,1.2419565062262563
GBPUSD,Chronos-Small,0.025,MA-504,0.0034900578195665955,0.0017428893646913,2.0024551702883064
GBPUSD,Chronos-Small,0.05,MA-126,0.0010780711247114065,0.0012322781844114,0.8748601885103964
GBPUSD,Chronos-Small,0.05,MA-252,0.0016555162811342555,0.0012322781844114,1.3434598632653842
GBPUSD,Chronos-Small,0.05,MA-504,0.0025319988624247147,0.0012322781844114,2.0547299258033433
GBPUSD,GJR-GARCH-t,0.01,MA-126,0.0016026542666309803,0.0077107208282526,0.20784752843842397
GBPUSD,GJR-GARCH-t,0.01,MA-252,0.0022668512751683433,0.0077107208282526,0.2939869469612293
GBPUSD,GJR-GARCH-t,0.01,MA-504,0.0038005062590600017,0.0077107208282526,0.49288598870480316
GBPUSD,GJR-GARCH-t,0.025,MA-126,0.0009437182698283747,0.0032745544302963,0.2881974601176447
GBPUSD,GJR-GARCH-t,0.025,MA-252,0.001375405159406892,0.0032745544302963,0.4200281866386437
GBPUSD,GJR-GARCH-t,0.025,MA-504,0.002323179531249525,0.0032745544302963,0.7094643197118304
GBPUSD,GJR-GARCH-t,0.05,MA-126,0.0006061327694683371,0.0017301118300124,0.3503431159499053
GBPUSD,GJR-GARCH-t,0.05,MA-252,0.0009176547633721218,0.0017301118300124,0.5304019933587442
GBPUSD,GJR-GARCH-t,0.05,MA-504,0.0015402179746137818,0.0017301118300124,0.8902418606100987
GBPUSD,Moirai-2.0,0.01,MA-126,0.0018970429208921742,0.0052934113966704,0.35837813816727526
GBPUSD,Moirai-2.0,0.01,MA-252,0.002758728506821083,0.0052934113966704,0.5211626869878934
GBPUSD,Moirai-2.0,0.01,MA-504,0.00459128444118657,0.0052934113966704,0.8673583247420608
GBPUSD,Moirai-2.0,0.025,MA-126,0.0009459527596076221,0.0025402433084901,0.37238667510549955
GBPUSD,Moirai-2.0,0.025,MA-252,0.0014293550369686605,0.0025402433084901,0.5626843035828161
GBPUSD,Moirai-2.0,0.025,MA-504,0.002456373314550335,0.0025402433084901,0.9669834800235665
GBPUSD,Moirai-2.0,0.05,MA-126,0.0005888141229221158,0.001558867873937,0.37771906956747775
GBPUSD,Moirai-2.0,0.05,MA-252,0.0009225690773864394,0.001558867873937,0.5918199308684478
GBPUSD,Moirai-2.0,0.05,MA-504,0.0016282526697904173,0.001558867873937,1.0445097349258872
GBPUSD,TimesFM-2.5,0.01,MA-126,0.0020344615980523,0.0052146973913707,0.3901399151979431
GBPUSD,TimesFM-2.5,0.01,MA-252,0.0030046037653190826,0.0052146973913707,0.5761798892283015
GBPUSD,TimesFM-2.5,0.01,MA-504,0.005018217893551896,0.0052146973913707,0.962321975165052
GBPUSD,TimesFM-2.5,0.025,MA-126,0.0010465476942281046,0.0026104352809307,0.400909266693246
GBPUSD,TimesFM-2.5,0.025,MA-252,0.001578934658784612,0.0026104352809307,0.6048549337034985
GBPUSD,TimesFM-2.5,0.025,MA-504,0.0027958000033471717,0.0026104352809307,1.0710091239459434
GBPUSD,TimesFM-2.5,0.05,MA-126,0.0006449799900444474,0.001560754086327,0.41324895170533293
GBPUSD,TimesFM-2.5,0.05,MA-252,0.0010066876484357533,0.001560754086327,0.6450008090671357
GBPUSD,TimesFM-2.5,0.05,MA-504,0.0018335272076099303,0.001560754086327,1.174770083046754
GDAXI,Chronos-Small,0.01,MA-126,0.00482868356265533,0.0065447601403866,0.7377938165920468
GDAXI,Chronos-Small,0.01,MA-252,0.006387865688858367,0.0065447601403866,0.9760274711123386
GDAXI,Chronos-Small,0.01,MA-504,0.00867394973004241,0.0065447601403866,1.3253273678460642
GDAXI,Chronos-Small,0.025,MA-126,0.004363444741706375,0.0041400127839191,1.0539689052785401
GDAXI,Chronos-Small,0.025,MA-252,0.005905252376695293,0.0041400127839191,1.426385058430942
GDAXI,Chronos-Small,0.025,MA-504,0.007873453848022299,0.0041400127839191,1.9017945738247155
GDAXI,Chronos-Small,0.05,MA-126,0.004133890306946256,0.0029270323304988,1.41231453574064
GDAXI,Chronos-Small,0.05,MA-252,0.00562118976768284,0.0029270323304988,1.9204399312955056
GDAXI,Chronos-Small,0.05,MA-504,0.007404647874719958,0.0029270323304988,2.529745844473853
GDAXI,GJR-GARCH-t,0.01,MA-126,0.002043703362023897,0.0052295069712977,0.39080230186914783
GDAXI,GJR-GARCH-t,0.01,MA-252,0.0028061884619483123,0.0052295069712977,0.5366066968358888
GDAXI,GJR-GARCH-t,0.01,MA-504,0.0038696502454811615,0.0052295069712977,0.739964640399152
GDAXI,GJR-GARCH-t,0.025,MA-126,0.0013229568757617905,0.0032275075698342,0.40990047184606665
GDAXI,GJR-GARCH-t,0.025,MA-252,0.0018110890752866926,0.0032275075698342,0.5611416971454942
GDAXI,GJR-GARCH-t,0.025,MA-504,0.0026318487342382787,0.0032275075698342,0.8154430864351092
GDAXI,GJR-GARCH-t,0.05,MA-126,0.0010148889214736457,0.0022833012808891,0.44448313937723355
GDAXI,GJR-GARCH-t,0.05,MA-252,0.0013619208450966125,0.0022833012808891,0.5964700569721972
GDAXI,GJR-GARCH-t,0.05,MA-504,0.0019063521836898412,0.0022833012808891,0.8349104866912361
GDAXI,Moirai-2.0,0.01,MA-126,0.0032379302700674775,0.0072374642562939,0.44738463022483094
GDAXI,Moirai-2.0,0.01,MA-252,0.004507433713735617,0.0072374642562939,0.622791844507671
GDAXI,Moirai-2.0,0.01,MA-504,0.007165638381484532,0.0072374642562939,0.9900758232074298
GDAXI,Moirai-2.0,0.025,MA-126,0.0019674871682661115,0.0041641535695571,0.47248189467598667
GDAXI,Moirai-2.0,0.025,MA-252,0.0028059603259175956,0.0041641535695571,0.6738368984350493
GDAXI,Moirai-2.0,0.025,MA-504,0.004547188200065831,0.0041641535695571,1.0919837907297618
GDAXI,Moirai-2.0,0.05,MA-126,0.0014592827628781002,0.0027582128272552,0.5290682243437634
GDAXI,Moirai-2.0,0.05,MA-252,0.002175968502280461,0.0027582128272552,0.7889052218083722
GDAXI,Moirai-2.0,0.05,MA-504,0.0036355513852368605,0.0027582128272552,1.3180822557680338
GDAXI,TimesFM-2.5,0.01,MA-126,0.003751860704398109,0.006970768851751,0.5382276739036717
GDAXI,TimesFM-2.5,0.01,MA-252,0.00540378118351536,0.006970768851751,0.7752059060397584
GDAXI,TimesFM-2.5,0.01,MA-504,0.008348626453568134,0.006970768851751,1.1976622136123518
GDAXI,TimesFM-2.5,0.025,MA-126,0.002257294736063263,0.0038657196433896,0.583926136475843
GDAXI,TimesFM-2.5,0.025,MA-252,0.003385251290794657,0.0038657196433896,0.8757105023338808
GDAXI,TimesFM-2.5,0.025,MA-504,0.00531138519937847,0.0038657196433896,1.3739706159139
GDAXI,TimesFM-2.5,0.05,MA-126,0.0016850588833578753,0.0025605071585767,0.6580957517394885
GDAXI,TimesFM-2.5,0.05,MA-252,0.0026006333003601254,0.0025605071585767,1.0156711695372609
GDAXI,TimesFM-2.5,0.05,MA-504,0.00405187540147762,0.0025605071585767,1.582450331335891
GOLD,Chronos-Small,0.01,MA-126,0.0031425886619927358,0.0056236658707692,0.5588149677112476
GOLD,Chronos-Small,0.01,MA-252,0.004523693196684494,0.0056236658707692,0.8044029109549048
GOLD,Chronos-Small,0.01,MA-504,0.006900591937006886,0.0056236658707692,1.2270629328948788
GOLD,Chronos-Small,0.025,MA-126,0.0020643046433647633,0.0035573730705237,0.5802890510611713
GOLD,Chronos-Small,0.025,MA-252,0.002984890431225941,0.0035573730705237,0.8390715204875937
GOLD,Chronos-Small,0.025,MA-504,0.0042842515641440095,0.0035573730705237,1.204330127656052
GOLD,Chronos-Small,0.05,MA-126,0.001204207678325933,0.0025165221622858,0.4785205933700702
GOLD,Chronos-Small,0.05,MA-252,0.0016108759077359204,0.0025165221622858,0.640119897165036
GOLD,Chronos-Small,0.05,MA-504,0.0020511497522383306,0.0025165221622858,0.8150731922723209
GOLD,GJR-GARCH-t,0.01,MA-126,0.0019564546747870533,0.0065675158990526,0.297898734446807
GOLD,GJR-GARCH-t,0.01,MA-252,0.0029159523836807953,0.0065675158990526,0.4439962427957635
GOLD,GJR-GARCH-t,0.01,MA-504,0.004525003603667933,0.0065675158990526,0.688997738752439
GOLD,GJR-GARCH-t,0.025,MA-126,0.001429927344852793,0.0041208617451549,0.3469971654676425
GOLD,GJR-GARCH-t,0.025,MA-252,0.0020041432382098116,0.0041208617451549,0.48634080979935357
GOLD,GJR-GARCH-t,0.025,MA-504,0.0029035803841477425,0.0041208617451549,0.7046051441938387
GOLD,GJR-GARCH-t,0.05,MA-126,0.0010008147684214778,0.0028248513877465,0.35428935226920694
GOLD,GJR-GARCH-t,0.05,MA-252,0.0013886286351287571,0.0028248513877465,0.4915758192279712
GOLD,GJR-GARCH-t,0.05,MA-504,0.00196886687171796,0.0028248513877465,0.6969806908279894
GOLD,Moirai-2.0,0.01,MA-126,0.003150578419365731,0.0081502461996567,0.38656236169877145
GOLD,Moirai-2.0,0.01,MA-252,0.004473115567806268,0.0081502461996567,0.5488319565112869
GOLD,Moirai-2.0,0.01,MA-504,0.00719169849391625,0.0081502461996567,0.882390337388725
GOLD,Moirai-2.0,0.025,MA-126,0.0018909460383406125,0.0045658012088602,0.41415426380612513
GOLD,Moirai-2.0,0.025,MA-252,0.0026359537327690584,0.0045658012088602,0.5773255584701844
GOLD,Moirai-2.0,0.025,MA-504,0.004305156602972282,0.0045658012088602,0.9429137200756522
GOLD,Moirai-2.0,0.05,MA-126,0.00124836826994915,0.0029599640835804,0.4217511546420902
GOLD,Moirai-2.0,0.05,MA-252,0.0017475192498078464,0.0029599640835804,0.5903852886262158
GOLD,Moirai-2.0,0.05,MA-504,0.0029437504802220945,0.0029599640835804,0.9945223648326526
GOLD,TimesFM-2.5,0.01,MA-126,0.003100574752340916,0.0080674445722102,0.3843317080877652
GOLD,TimesFM-2.5,0.01,MA-252,0.00441552913455093,0.0080674445722102,0.5473268635474775
GOLD,TimesFM-2.5,0.01,MA-504,0.007258255940665664,0.0080674445722102,0.899697032399586
GOLD,TimesFM-2.5,0.025,MA-126,0.0018652823838190401,0.0045590755734275,0.40913609651281263
GOLD,TimesFM-2.5,0.025,MA-252,0.0026114216573439484,0.0045590755734275,0.5727963082175207
GOLD,TimesFM-2.5,0.025,MA-504,0.004355971680691127,0.0045590755734275,0.955450641371211
GOLD,TimesFM-2.5,0.05,MA-126,0.0012596673068187817,0.002945929198162,0.4275959203651951
GOLD,TimesFM-2.5,0.05,MA-252,0.0017547218864686425,0.002945929198162,0.5956429256899433
GOLD,TimesFM-2.5,0.05,MA-504,0.002971049770599606,0.002945929198162,1.008527215268201
HSI,Chronos-Small,0.01,MA-126,0.005328850525381304,0.0066855490947601,0.7970699863019286
HSI,Chronos-Small,0.01,MA-252,0.007227115799935805,0.0066855490947601,1.081005568502992
HSI,Chronos-Small,0.01,MA-504,0.010376175558146215,0.0066855490947601,1.5520304183060594
HSI,Chronos-Small,0.025,MA-126,0.0035542707814964487,0.0042360674334598,0.8390496226339591
HSI,Chronos-Small,0.025,MA-252,0.004744369033315815,0.0042360674334598,1.1199937460487641
HSI,Chronos-Small,0.025,MA-504,0.0063655541600612,0.0042360674334598,1.5027036892238863
HSI,Chronos-Small,0.05,MA-126,0.002629709196240398,0.0029982757248667,0.8770738376162226
HSI,Chronos-Small,0.05,MA-252,0.0034773295688592556,0.0029982757248667,1.1597764475159649
HSI,Chronos-Small,0.05,MA-504,0.0045176553384913476,0.0029982757248667,1.5067511306660089
HSI,GJR-GARCH-t,0.01,MA-126,0.004091891898569272,0.0145033764242945,0.2821337445062085
HSI,GJR-GARCH-t,0.01,MA-252,0.005705993441913204,0.0145033764242945,0.3934251773507813
HSI,GJR-GARCH-t,0.01,MA-504,0.008341098557136913,0.0145033764242945,0.5751142570611902
HSI,GJR-GARCH-t,0.025,MA-126,0.002023417790649515,0.0063605894134691,0.318117969753676
HSI,GJR-GARCH-t,0.025,MA-252,0.002866820154727577,0.0063605894134691,0.4507161158141786
HSI,GJR-GARCH-t,0.025,MA-504,0.0042803607215742894,0.0063605894134691,0.6729503263502993
HSI,GJR-GARCH-t,0.05,MA-126,0.001257025104852565,0.0033285419338486,0.37765037359740866
HSI,GJR-GARCH-t,0.05,MA-252,0.0017968157816928806,0.0033285419338486,0.5398206834712539
HSI,GJR-GARCH-t,0.05,MA-504,0.0026705115608789375,0.0033285419338486,0.802306719864929
HSI,Moirai-2.0,0.01,MA-126,0.0036778151923981587,0.0086371086286452,0.42581555362179735
HSI,Moirai-2.0,0.01,MA-252,0.005342681682349955,0.0086371086286452,0.61857294055916
HSI,Moirai-2.0,0.01,MA-504,0.008377253572515477,0.0086371086286452,0.9699141150931104
HSI,Moirai-2.0,0.025,MA-126,0.0019900018835317243,0.0049675615096318,0.40059934430066574
HSI,Moirai-2.0,0.025,MA-252,0.0029991092592891073,0.0049675615096318,0.6037387264302649
HSI,Moirai-2.0,0.025,MA-504,0.004963235473389362,0.0049675615096318,0.9991291428935405
HSI,Moirai-2.0,0.05,MA-126,0.0013455544751889803,0.0032514259387361,0.4138351912490513
HSI,Moirai-2.0,0.05,MA-252,0.0020848356836753517,0.0032514259387361,0.6412065730415415
HSI,Moirai-2.0,0.05,MA-504,0.003546126136167589,0.0032514259387361,1.0906372167117684
HSI,TimesFM-2.5,0.01,MA-126,0.003920419345771168,0.0086916904578,0.4510537236462384
HSI,TimesFM-2.5,0.01,MA-252,0.005678394926583947,0.0086916904578,0.6533130642599111
HSI,TimesFM-2.5,0.01,MA-504,0.008839558427766155,0.0086916904578,1.0170125674267954
HSI,TimesFM-2.5,0.025,MA-126,0.002213503089456763,0.0047794850003429,0.4631258575553553
HSI,TimesFM-2.5,0.025,MA-252,0.0032939464999765687,0.0047794850003429,0.6891843995200837
HSI,TimesFM-2.5,0.025,MA-504,0.005498483292936382,0.0047794850003429,1.1504342607084022
HSI,TimesFM-2.5,0.05,MA-126,0.0014924390181808335,0.0031963245615816,0.4669234895977983
HSI,TimesFM-2.5,0.05,MA-252,0.0022725279414540084,0.0031963245615816,0.7109815970407961
HSI,TimesFM-2.5,0.05,MA-504,0.003955239333071318,0.0031963245615816,1.2374335762430186
IBGL,Chronos-Small,0.01,MA-126,0.0031638325908299814,0.0038457872055796,0.8226748963748656
IBGL,Chronos-Small,0.01,MA-252,0.003912495440775309,0.0038457872055796,1.0173457946656348
IBGL,Chronos-Small,0.01,MA-504,0.004535887437920821,0.0038457872055796,1.1794431661065385
IBGL,Chronos-Small,0.025,MA-126,0.0020092669357174137,0.0024320233468291,0.8261709075848795
IBGL,Chronos-Small,0.025,MA-252,0.002465341299723597,0.0024320233468291,1.0136996846423936
IBGL,Chronos-Small,0.025,MA-504,0.0031143042081667495,0.0024320233468291,1.2805404241810487
IBGL,Chronos-Small,0.05,MA-126,0.0013267501650798003,0.0017226546685816,0.7701776736089656
IBGL,Chronos-Small,0.05,MA-252,0.0016561892318052427,0.0017226546685816,0.9614168538891875
IBGL,Chronos-Small,0.05,MA-504,0.002199842071955971,0.0017226546685816,1.2770070009256573
IBGL,GJR-GARCH-t,0.01,MA-126,0.002027422548394319,0.0111563350185825,0.18172836733724398
IBGL,GJR-GARCH-t,0.01,MA-252,0.0028621605733881394,0.0111563350185825,0.25655025316296026
IBGL,GJR-GARCH-t,0.01,MA-504,0.003970893570566583,0.0111563350185825,0.3559317252442206
IBGL,GJR-GARCH-t,0.025,MA-126,0.001255104382367116,0.0051294541773664,0.24468575777618518
IBGL,GJR-GARCH-t,0.025,MA-252,0.0017251257720238477,0.0051294541773664,0.3363176104849374
IBGL,GJR-GARCH-t,0.025,MA-504,0.0023989566873826593,0.0051294541773664,0.4676826431100606
IBGL,GJR-GARCH-t,0.05,MA-126,0.0008257891386262849,0.0029468904177913,0.28022390437076905
IBGL,GJR-GARCH-t,0.05,MA-252,0.0011775403230410125,0.0029468904177913,0.39958741456140784
IBGL,GJR-GARCH-t,0.05,MA-504,0.00171776753258385,0.0029468904177913,0.5829085201855996
IBGL,Moirai-2.0,0.01,MA-126,0.0029147865634432716,0.0087250471564904,0.3340711529879831
IBGL,Moirai-2.0,0.01,MA-252,0.004051818339854092,0.0087250471564904,0.46438927689233406
IBGL,Moirai-2.0,0.01,MA-504,0.0066163920267219315,0.0087250471564904,0.7583216351787991
IBGL,Moirai-2.0,0.025,MA-126,0.0012409749438157002,0.0042894082327401,0.2893114566115704
IBGL,Moirai-2.0,0.025,MA-252,0.0016996204052829361,0.0042894082327401,0.39623656995622636
IBGL,Moirai-2.0,0.025,MA-504,0.0029385380528299952,0.0042894082327401,0.6850684041683855
IBGL,Moirai-2.0,0.05,MA-126,0.0007571085773712125,0.0025675856523122,0.294871790037232
IBGL,Moirai-2.0,0.05,MA-252,0.001058403304712321,0.0025675856523122,0.4122173310008926
IBGL,Moirai-2.0,0.05,MA-504,0.0018425750116212625,0.0025675856523122,0.7176294235644912
IBGL,TimesFM-2.5,0.01,MA-126,0.003299712081630065,0.0094209915799506,0.3502510381871467
IBGL,TimesFM-2.5,0.01,MA-252,0.00463948334907872,0.0094209915799506,0.49246231776199584
IBGL,TimesFM-2.5,0.01,MA-504,0.007646260173007873,0.0094209915799506,0.8116194678785571
IBGL,TimesFM-2.5,0.025,MA-126,0.001531038466669562,0.0044019134000288,0.347812037069958
IBGL,TimesFM-2.5,0.025,MA-252,0.0021588318613718696,0.0044019134000288,0.4904303345353739
IBGL,TimesFM-2.5,0.025,MA-504,0.0037741604037682605,0.0044019134000288,0.8573908800076728
IBGL,TimesFM-2.5,0.05,MA-126,0.0009597366883769716,0.0026395201083224,0.3636027190514383
IBGL,TimesFM-2.5,0.05,MA-252,0.0013662359762073068,0.0026395201083224,0.5176077166071091
IBGL,TimesFM-2.5,0.05,MA-504,0.0024324744116266234,0.0026395201083224,0.9215593410169667
ICLN,Chronos-Small,0.01,MA-126,0.01066549634415445,0.0077723824364433,1.3722299991500495
ICLN,Chronos-Small,0.01,MA-252,0.013055176737233548,0.0077723824364433,1.6796879005876213
ICLN,Chronos-Small,0.01,MA-504,0.015028441370780408,0.0077723824364433,1.933569467749651
ICLN,Chronos-Small,0.025,MA-126,0.00754811041970921,0.0049206329596559,1.533971438551891
ICLN,Chronos-Small,0.025,MA-252,0.009222212435866057,0.0049206329596559,1.8741923064529826
ICLN,Chronos-Small,0.025,MA-504,0.010662204924263598,0.0049206329596559,2.1668360578166768
ICLN,Chronos-Small,0.05,MA-126,0.004608047527136881,0.0034774119538889,1.3251370813238148
ICLN,Chronos-Small,0.05,MA-252,0.005817975694295645,0.0034774119538889,1.673076348572742
ICLN,Chronos-Small,0.05,MA-504,0.0069233368597609824,0.0034774119538889,1.9909452637667493
ICLN,GJR-GARCH-t,0.01,MA-126,0.004299356102720395,0.0086801253171399,0.49531037233193226
ICLN,GJR-GARCH-t,0.01,MA-252,0.005894067588065422,0.0086801253171399,0.6790302412370605
ICLN,GJR-GARCH-t,0.01,MA-504,0.009219775426391508,0.0086801253171399,1.0621707739847959
ICLN,GJR-GARCH-t,0.025,MA-126,0.0023358145649760528,0.005330108139797,0.4382302391832923
ICLN,GJR-GARCH-t,0.025,MA-252,0.003185615002187542,0.005330108139797,0.5976642346901554
ICLN,GJR-GARCH-t,0.025,MA-504,0.004943679089320678,0.005330108139797,0.9275007109910082
ICLN,GJR-GARCH-t,0.05,MA-126,0.001542520542875061,0.0032411245518697,0.47592140264564375
ICLN,GJR-GARCH-t,0.05,MA-252,0.0021554709622544966,0.0032411245518697,0.6650379915239836
ICLN,GJR-GARCH-t,0.05,MA-504,0.003349939789890065,0.0032411245518697,1.0335732972549891
ICLN,Moirai-2.0,0.01,MA-126,0.004623191414936208,0.0106290626154426,0.43495758583822175
ICLN,Moirai-2.0,0.01,MA-252,0.006690304265467185,0.0106290626154426,0.6294350224023586
ICLN,Moirai-2.0,0.01,MA-504,0.010912685002248217,0.0106290626154426,1.0266836688301706
ICLN,Moirai-2.0,0.025,MA-126,0.002551885216743556,0.0061652695668587,0.41391299911056134
ICLN,Moirai-2.0,0.025,MA-252,0.0037569310356047893,0.0061652695668587,0.6093701167261375
ICLN,Moirai-2.0,0.025,MA-504,0.006607638109508429,0.0061652695668587,1.0717516951777217
ICLN,Moirai-2.0,0.05,MA-126,0.001715018455678748,0.0039742367200153,0.43153404703888537
ICLN,Moirai-2.0,0.05,MA-252,0.0025142267660621365,0.0039742367200153,0.6326313562047853
ICLN,Moirai-2.0,0.05,MA-504,0.004295834317057343,0.0039742367200153,1.080920594242007
ICLN,TimesFM-2.5,0.01,MA-126,0.004133734028035009,0.0103578676660487,0.3990912185125395
ICLN,TimesFM-2.5,0.01,MA-252,0.006038446065972588,0.0103578676660487,0.5829815808291865
ICLN,TimesFM-2.5,0.01,MA-504,0.010236498334132137,0.0103578676660487,0.9882824017616685
ICLN,TimesFM-2.5,0.025,MA-126,0.002476550864537532,0.0059372572191137,0.4171203593074625
ICLN,TimesFM-2.5,0.025,MA-252,0.0036782770057462322,0.0059372572191137,0.6195246171758947
ICLN,TimesFM-2.5,0.025,MA-504,0.006533484757759928,0.0059372572191137,1.1004213758377865
ICLN,TimesFM-2.5,0.05,MA-126,0.0017552784778551319,0.0039598906188052,0.4432643845058387
ICLN,TimesFM-2.5,0.05,MA-252,0.0025683336532494245,0.0039598906188052,0.6485870193112445
ICLN,TimesFM-2.5,0.05,MA-504,0.004456278172016018,0.0039598906188052,1.1253538546881858
NATGAS,Chronos-Small,0.01,MA-126,0.008719786519987258,0.0152078421277102,0.5733743450754885
NATGAS,Chronos-Small,0.01,MA-252,0.012528078508068505,0.0152078421277102,0.823790673447425
NATGAS,Chronos-Small,0.01,MA-504,0.01849050197646948,0.0152078421277102,1.215853098762641
NATGAS,Chronos-Small,0.025,MA-126,0.005698360996958268,0.0096462821005966,0.5907313239995167
NATGAS,Chronos-Small,0.025,MA-252,0.008376103108576272,0.0096462821005966,0.8683245027696453
NATGAS,Chronos-Small,0.025,MA-504,0.012842773181977813,0.0096462821005966,1.3313702676374681
NATGAS,Chronos-Small,0.05,MA-126,0.0042233867340169436,0.0068490701376767,0.6166365140260595
NATGAS,Chronos-Small,0.05,MA-252,0.006180996933798412,0.0068490701376767,0.9024578241353931
NATGAS,Chronos-Small,0.05,MA-504,0.00982388668955363,0.0068490701376767,1.434338748483897
NATGAS,GJR-GARCH-t,0.01,MA-126,0.006777302037071049,0.0112479939650999,0.6025342881672551
NATGAS,GJR-GARCH-t,0.01,MA-252,0.01012745462942495,0.0112479939650999,0.9003787396088813
NATGAS,GJR-GARCH-t,0.01,MA-504,0.014853499056776295,0.0112479939650999,1.3205464994792404
NATGAS,GJR-GARCH-t,0.025,MA-126,0.004126070565198002,0.0092516050312978,0.44598429691277075
NATGAS,GJR-GARCH-t,0.025,MA-252,0.0061709006086779145,0.0092516050312978,0.6670086528555867
NATGAS,GJR-GARCH-t,0.025,MA-504,0.008917165298296866,0.0092516050312978,0.9638506257163445
NATGAS,GJR-GARCH-t,0.05,MA-126,0.0027921930886554212,0.0059895966942902,0.4661738062125586
NATGAS,GJR-GARCH-t,0.05,MA-252,0.0042425327705190455,0.0059895966942902,0.7083169346883395
NATGAS,GJR-GARCH-t,0.05,MA-504,0.006206074909748814,0.0059895966942902,1.0361423692625216
NATGAS,Moirai-2.0,0.01,MA-126,0.00717275458889443,0.0208823503299641,0.34348406551738764
NATGAS,Moirai-2.0,0.01,MA-252,0.009477374140684076,0.0208823503299641,0.453846142360948
NATGAS,Moirai-2.0,0.01,MA-504,0.01402554157362686,0.0208823503299641,0.6716457368068192
NATGAS,Moirai-2.0,0.025,MA-126,0.0041120761110634155,0.0119257108479375,0.34480763146916155
NATGAS,Moirai-2.0,0.025,MA-252,0.0054983963960433795,0.0119257108479375,0.4610539754109754
NATGAS,Moirai-2.0,0.025,MA-504,0.009080756499411997,0.0119257108479375,0.7614436250550611
NATGAS,Moirai-2.0,0.05,MA-126,0.0027372870323145834,0.0078577340116164,0.34835577639405246
NATGAS,Moirai-2.0,0.05,MA-252,0.0039123030704771005,0.0078577340116164,0.4978920213758047
NATGAS,Moirai-2.0,0.05,MA-504,0.007135502493652847,0.0078577340116164,0.9080865403568191
NATGAS,TimesFM-2.5,0.01,MA-126,0.008060591855844693,0.0221765191138201,0.36347416898360047
NATGAS,TimesFM-2.5,0.01,MA-252,0.011049314573130438,0.0221765191138201,0.4982438639905691
NATGAS,TimesFM-2.5,0.01,MA-504,0.016260830223880102,0.0221765191138201,0.7332453817671762
NATGAS,TimesFM-2.5,0.025,MA-126,0.0042746774551114105,0.0130329152269403,0.3279908892735861
NATGAS,TimesFM-2.5,0.025,MA-252,0.006134919957114891,0.0130329152269403,0.47072507188824614
NATGAS,TimesFM-2.5,0.025,MA-504,0.010276996019864268,0.0130329152269403,0.7885416148967745
NATGAS,TimesFM-2.5,0.05,MA-126,0.0029241221662737026,0.0081138375887665,0.3603870713806388
NATGAS,TimesFM-2.5,0.05,MA-252,0.004277646477622893,0.0081138375887665,0.5272038577091114
NATGAS,TimesFM-2.5,0.05,MA-504,0.0074871008250872294,0.0081138375887665,0.9227570484591682
NIFTY,Chronos-Small,0.01,MA-126,0.005284880469887069,0.0050739416949199,1.041572959968847
NIFTY,Chronos-Small,0.01,MA-252,0.005480579501716629,0.0050739416949199,1.0801423885504757
NIFTY,Chronos-Small,0.01,MA-504,0.005480579501716629,0.0050739416949199,1.0801423885504757
NIFTY,Chronos-Small,0.025,MA-126,0.003691287021946163,0.0032041696387615,1.1520260904079183
NIFTY,Chronos-Small,0.025,MA-252,0.004155432050003316,0.0032041696387615,1.2968826618086005
NIFTY,Chronos-Small,0.025,MA-504,0.004155432050003316,0.0032041696387615,1.2968826618086005
NIFTY,Chronos-Small,0.05,MA-126,0.002566339185710809,0.0022627386141946,1.1341739472741852
NIFTY,Chronos-Small,0.05,MA-252,0.0031775546027393367,0.0022627386141946,1.4042959194694067
NIFTY,Chronos-Small,0.05,MA-504,0.0031775546027393367,0.0022627386141946,1.4042959194694067
NIFTY,GJR-GARCH-t,0.01,MA-126,0.0020480517654784375,0.0070553292121566,0.2902843657457637
NIFTY,GJR-GARCH-t,0.01,MA-252,0.0027679227785012946,0.0070553292121566,0.3923166014325821
NIFTY,GJR-GARCH-t,0.01,MA-504,0.004211730649328974,0.0070553292121566,0.5969573527585363
NIFTY,GJR-GARCH-t,0.025,MA-126,0.0012475514573555024,0.0035023371038511,0.3562054195136498
NIFTY,GJR-GARCH-t,0.025,MA-252,0.0017026561837904766,0.0035023371038511,0.4861485725969296
NIFTY,GJR-GARCH-t,0.025,MA-504,0.0026337706876743586,0.0035023371038511,0.7520037647941761
NIFTY,GJR-GARCH-t,0.05,MA-126,0.0007764686374557256,0.0024742236632883,0.3138231393453658
NIFTY,GJR-GARCH-t,0.05,MA-252,0.0011324035767858159,0.0024742236632883,0.4576803599399844
NIFTY,GJR-GARCH-t,0.05,MA-504,0.0018982992139812192,0.0024742236632883,0.7672302395889045
NIFTY,Moirai-2.0,0.01,MA-126,0.0032743402613819423,0.0092130319400711,0.3554031162250234
NIFTY,Moirai-2.0,0.01,MA-252,0.004905552789956059,0.0092130319400711,0.5324580248788545
NIFTY,Moirai-2.0,0.01,MA-504,0.008420150958881541,0.0092130319400711,0.9139391910994026
NIFTY,Moirai-2.0,0.025,MA-126,0.001758107409127538,0.0049606539275118,0.35441041338866025
NIFTY,Moirai-2.0,0.025,MA-252,0.002639478418219062,0.0049606539275118,0.5320827569890549
NIFTY,Moirai-2.0,0.025,MA-504,0.004709292878229267,0.0049606539275118,0.949329049565727
NIFTY,Moirai-2.0,0.05,MA-126,0.0010634364382103617,0.0029995684615049,0.35452981049041626
NIFTY,Moirai-2.0,0.05,MA-252,0.001648205701405167,0.0029995684615049,0.5494809411945387
NIFTY,Moirai-2.0,0.05,MA-504,0.0030699417399026037,0.0029995684615049,1.0234611342600919
NIFTY,TimesFM-2.5,0.01,MA-126,0.0029307865334745054,0.0089463828372454,0.3275945806022423
NIFTY,TimesFM-2.5,0.01,MA-252,0.004376989891775878,0.0089463828372454,0.489246880152913
NIFTY,TimesFM-2.5,0.01,MA-504,0.007541048207920998,0.0089463828372454,0.8429158851246851
NIFTY,TimesFM-2.5,0.025,MA-126,0.0017190031427441411,0.0048134926973935,0.3571217930121675
NIFTY,TimesFM-2.5,0.025,MA-252,0.002558052007704294,0.0048134926973935,0.531433652966686
NIFTY,TimesFM-2.5,0.025,MA-504,0.0044696867395924034,0.0048134926973935,0.9285745342488487
NIFTY,TimesFM-2.5,0.05,MA-126,0.0011047278756542705,0.0029376966786362,0.3760523963172164
NIFTY,TimesFM-2.5,0.05,MA-252,0.001717505782604236,0.0029376966786362,0.5846436751263147
NIFTY,TimesFM-2.5,0.05,MA-504,0.0030893725951908085,0.0029376966786362,1.0516308976544926
NIKKEI,Chronos-Small,0.01,MA-126,0.007697009857997967,0.0069930205145701,1.1006702814557874
NIKKEI,Chronos-Small,0.01,MA-252,0.010383810394701723,0.0069930205145701,1.4848820152989461
NIKKEI,Chronos-Small,0.01,MA-504,0.016255389170813855,0.0069930205145701,2.3245161567802386
NIKKEI,Chronos-Small,0.025,MA-126,0.00468728122330706,0.0044200107922739,1.0604682756658295
NIKKEI,Chronos-Small,0.025,MA-252,0.006480804243868699,0.0044200107922739,1.466241723933577
NIKKEI,Chronos-Small,0.025,MA-504,0.01038625391835649,0.0044200107922739,2.3498254657005533
NIKKEI,Chronos-Small,0.05,MA-126,0.0036071243920664333,0.0031207971895162,1.1558342862471067
NIKKEI,Chronos-Small,0.05,MA-252,0.005556170292587946,0.0031207971895162,1.7803689106273801
NIKKEI,Chronos-Small,0.05,MA-504,0.009350047697625515,0.0031207971895162,2.996044641745849
NIKKEI,GJR-GARCH-t,0.01,MA-126,0.002488654661576819,0.0067110762618161,0.3708279513580372
NIKKEI,GJR-GARCH-t,0.01,MA-252,0.0033754460708000458,0.0067110762618161,0.5029664302885761
NIKKEI,GJR-GARCH-t,0.01,MA-504,0.004820036534315798,0.0067110762618161,0.7182210939458817
NIKKEI,GJR-GARCH-t,0.025,MA-126,0.001642153213048143,0.0046246780972531,0.35508486829029806
NIKKEI,GJR-GARCH-t,0.025,MA-252,0.0023323853077452717,0.0046246780972531,0.5043346279886223
NIKKEI,GJR-GARCH-t,0.025,MA-504,0.0034772689810289906,0.0046246780972531,0.751894274132154
NIKKEI,GJR-GARCH-t,0.05,MA-126,0.0011674429188673467,0.0030586595302783,0.38168449522105646
NIKKEI,GJR-GARCH-t,0.05,MA-252,0.0017207405090783323,0.0030586595302783,0.5625799445948031
NIKKEI,GJR-GARCH-t,0.05,MA-504,0.0025735019749444903,0.0030586595302783,0.8413822949134628
NIKKEI,Moirai-2.0,0.01,MA-126,0.004213110394036791,0.0086777175485376,0.48550904894879865
NIKKEI,Moirai-2.0,0.01,MA-252,0.006011335126580663,0.0086777175485376,0.692732287373621
NIKKEI,Moirai-2.0,0.01,MA-504,0.009540843493357837,0.0086777175485376,1.0994646276503541
NIKKEI,Moirai-2.0,0.025,MA-126,0.002308391194746084,0.0050286597665205,0.45904700296384104
NIKKEI,Moirai-2.0,0.025,MA-252,0.0034478565930032676,0.0050286597665205,0.6856412549439502
NIKKEI,Moirai-2.0,0.025,MA-504,0.005496588176716944,0.0050286597665205,1.0930523105404324
NIKKEI,Moirai-2.0,0.05,MA-126,0.0015885192086194718,0.0033980013552111,0.46748633757410185
NIKKEI,Moirai-2.0,0.05,MA-252,0.0023934613037234725,0.0033980013552111,0.704373263434081
NIKKEI,Moirai-2.0,0.05,MA-504,0.003923098995916723,0.0033980013552111,1.154531321743102
NIKKEI,TimesFM-2.5,0.01,MA-126,0.004955225653256654,0.010184894148348,0.4865269664152962
NIKKEI,TimesFM-2.5,0.01,MA-252,0.007065776086674006,0.010184894148348,0.6937505666487541
NIKKEI,TimesFM-2.5,0.01,MA-504,0.010954088506438189,0.010184894148348,1.0755230586480815
NIKKEI,TimesFM-2.5,0.025,MA-126,0.0029429160516321207,0.0056010163983299,0.5254253589597834
NIKKEI,TimesFM-2.5,0.025,MA-252,0.004304000519587009,0.0056010163983299,0.7684320511667075
NIKKEI,TimesFM-2.5,0.025,MA-504,0.006554006854211359,0.0056010163983299,1.170145985676032
NIKKEI,TimesFM-2.5,0.05,MA-126,0.0019456038613975264,0.0036226204189782,0.5370708593163358
NIKKEI,TimesFM-2.5,0.05,MA-252,0.0028680316060616636,0.0036226204189782,0.79170083374913
NIKKEI,TimesFM-2.5,0.05,MA-504,0.004303422654847578,0.0036226204189782,1.1879308779641358
SP500,Chronos-Small,0.01,MA-126,0.005578650614242565,0.0062350984567679,0.8947173253033731
SP500,Chronos-Small,0.01,MA-252,0.008238464485903126,0.0062350984567679,1.321304634245297
SP500,Chronos-Small,0.01,MA-504,0.009280591205909171,0.0062350984567679,1.4884434095560328
SP500,Chronos-Small,0.025,MA-126,0.004636017623899008,0.0039361527425248,1.1778042995672184
SP500,Chronos-Small,0.025,MA-252,0.006816065138931805,0.0039361527425248,1.731656667002134
SP500,Chronos-Small,0.025,MA-504,0.00806039284083215,0.0039361527425248,2.0477845673391992
SP500,Chronos-Small,0.05,MA-126,0.003716898317036337,0.0027774144050648,1.3382584573113487
SP500,Chronos-Small,0.05,MA-252,0.005548335104909264,0.0027774144050648,1.997661960271937
SP500,Chronos-Small,0.05,MA-504,0.007102258732189817,0.0027774144050648,2.557147654753419
SP500,GJR-GARCH-t,0.01,MA-126,0.0019351078271411673,0.0046945420289631,0.4122037496314804
SP500,GJR-GARCH-t,0.01,MA-252,0.002753385876653261,0.0046945420289631,0.5865078765226033
SP500,GJR-GARCH-t,0.01,MA-504,0.00419112232009992,0.0046945420289631,0.8927648946889135
SP500,GJR-GARCH-t,0.025,MA-126,0.0011834875790039758,0.0027924760587417,0.4238129724690494
SP500,GJR-GARCH-t,0.025,MA-252,0.0017196046265523972,0.0027924760587417,0.6157992370854048
SP500,GJR-GARCH-t,0.025,MA-504,0.002645785767903271,0.0027924760587417,0.9474694544366018
SP500,GJR-GARCH-t,0.05,MA-126,0.0007865858651229934,0.0018647266414743,0.4218236859109273
SP500,GJR-GARCH-t,0.05,MA-252,0.001146729848847111,0.0018647266414743,0.6149586879610823
SP500,GJR-GARCH-t,0.05,MA-504,0.001748220383486251,0.0018647266414743,0.9375209988441329
SP500,Moirai-2.0,0.01,MA-126,0.0024707042475411124,0.006740917008769,0.3665234632509298
SP500,Moirai-2.0,0.01,MA-252,0.003649971580906161,0.006740917008769,0.5414651413387901
SP500,Moirai-2.0,0.01,MA-504,0.006146474687097639,0.006740917008769,0.9118158077160609
SP500,Moirai-2.0,0.025,MA-126,0.0017586421099759447,0.0040116952693047,0.4383787879982094
SP500,Moirai-2.0,0.025,MA-252,0.0026782887315450607,0.0040116952693047,0.6676201834266582
SP500,Moirai-2.0,0.025,MA-504,0.004292014538651236,0.0040116952693047,1.0698755140978393
SP500,Moirai-2.0,0.05,MA-126,0.0012705718999296422,0.0027224669250109,0.4666987460002127
SP500,Moirai-2.0,0.05,MA-252,0.0020133999007236306,0.0027224669250109,0.7395498113225267
SP500,Moirai-2.0,0.05,MA-504,0.003243527892809283,0.0027224669250109,1.1913929469671323
SP500,TimesFM-2.5,0.01,MA-126,0.0027377190055168496,0.0065213378904375,0.4198094089759215
SP500,TimesFM-2.5,0.01,MA-252,0.0042457047621372035,0.0065213378904375,0.6510481182646357
SP500,TimesFM-2.5,0.01,MA-504,0.006612594661808542,0.0065213378904375,1.0139935658762378
SP500,TimesFM-2.5,0.025,MA-126,0.0018964692249675739,0.0038361554421283,0.494367147936897
SP500,TimesFM-2.5,0.025,MA-252,0.002891354217184161,0.0038361554421283,0.7537114334397349
SP500,TimesFM-2.5,0.025,MA-504,0.004567558518283841,0.0038361554421283,1.1906604378235932
SP500,TimesFM-2.5,0.05,MA-126,0.001343573925458831,0.0025919423195364,0.5183656732373371
SP500,TimesFM-2.5,0.05,MA-252,0.0021605247865112347,0.0025919423195364,0.8335543465711346
SP500,TimesFM-2.5,0.05,MA-504,0.0032659624247976245,0.0025919423195364,1.2600444076941424
STOXX,Chronos-Small,0.01,MA-126,0.002496248636295855,0.0058980200270457,0.4232350220665863
STOXX,Chronos-Small,0.01,MA-252,0.003876599838801028,0.0058980200270457,0.6572713929462197
STOXX,Chronos-Small,0.01,MA-504,0.008733897303644595,0.0058980200270457,1.480818522757607
STOXX,Chronos-Small,0.025,MA-126,0.0017899574640781984,0.0037297238951027,0.4799168824342454
STOXX,Chronos-Small,0.025,MA-252,0.0027197430334405612,0.0037297238951027,0.7292076062283617
STOXX,Chronos-Small,0.025,MA-504,0.007810834185194769,0.0037297238951027,2.0942124416905914
STOXX,Chronos-Small,0.05,MA-126,0.0014437190453774986,0.0026413255115672,0.5465888392229569
STOXX,Chronos-Small,0.05,MA-252,0.0021805073119127777,0.0026413255115672,0.8255352482545776
STOXX,Chronos-Small,0.05,MA-504,0.006596414999190468,0.0026413255115672,2.4973881372449855
STOXX,GJR-GARCH-t,0.01,MA-126,0.001918339743741383,0.0049926392546065,0.3842335978854092
STOXX,GJR-GARCH-t,0.01,MA-252,0.002546088338122422,0.0049926392546065,0.5099684171599725
STOXX,GJR-GARCH-t,0.01,MA-504,0.003613125578125256,0.0049926392546065,0.7236904959218865
STOXX,GJR-GARCH-t,0.025,MA-126,0.001185813421246601,0.0029813816638063,0.39773955667678085
STOXX,GJR-GARCH-t,0.025,MA-252,0.0016031958294430932,0.0029813816638063,0.5377358588153083
STOXX,GJR-GARCH-t,0.025,MA-504,0.002234186239387138,0.0029813816638063,0.7493794794909872
STOXX,GJR-GARCH-t,0.05,MA-126,0.0008138306528123763,0.0020956270477989,0.3883470838321003
STOXX,GJR-GARCH-t,0.05,MA-252,0.0010907637406500908,0.0020956270477989,0.520495162436347
STOXX,GJR-GARCH-t,0.05,MA-504,0.0015182582253858107,0.0020956270477989,0.7244887524144542
STOXX,Moirai-2.0,0.01,MA-126,0.0031969081124640295,0.0070172354046624,0.45557943094511777
STOXX,Moirai-2.0,0.01,MA-252,0.004464302297337237,0.0070172354046624,0.6361910410431806
STOXX,Moirai-2.0,0.01,MA-504,0.006930660224206122,0.0070172354046624,0.987662494491954
STOXX,Moirai-2.0,0.025,MA-126,0.002098359783079374,0.0040053584965105,0.5238881325872532
STOXX,Moirai-2.0,0.025,MA-252,0.003004915931601817,0.0040053584965105,0.7502239647761176
STOXX,Moirai-2.0,0.025,MA-504,0.00465523482859015,0.0040053584965105,1.1622517266920869
STOXX,Moirai-2.0,0.05,MA-126,0.0014352977690487087,0.0026928300576816,0.5330071851190017
STOXX,Moirai-2.0,0.05,MA-252,0.002126537601510477,0.0026928300576816,0.7897036039999218
STOXX,Moirai-2.0,0.05,MA-504,0.0033659455297583444,0.0026928300576816,1.249965819475539
STOXX,TimesFM-2.5,0.01,MA-126,0.003610300340441788,0.0073064744587422,0.49412344638008854
STOXX,TimesFM-2.5,0.01,MA-252,0.005304384400704786,0.0073064744587422,0.7259841159587012
STOXX,TimesFM-2.5,0.01,MA-504,0.008182271025300747,0.0073064744587422,1.1198658219506477
STOXX,TimesFM-2.5,0.025,MA-126,0.002422703182035379,0.0040777645862381,0.5941253181244627
STOXX,TimesFM-2.5,0.025,MA-252,0.003653131584767703,0.0040777645862381,0.895866229525982
STOXX,TimesFM-2.5,0.025,MA-504,0.005600090775214813,0.0040777645862381,1.3733237063547896
STOXX,TimesFM-2.5,0.05,MA-126,0.0017862267429278797,0.0026488362960568,0.6743439545837365
STOXX,TimesFM-2.5,0.05,MA-252,0.0025846988803782498,0.0026488362960568,0.9757865687003653
STOXX,TimesFM-2.5,0.05,MA-504,0.00400340326348289,0.0026488362960568,1.5113819111594669
TLT,Chronos-Small,0.01,MA-126,0.0017239012498937905,0.0036119025437806,0.4772834341453113
TLT,Chronos-Small,0.01,MA-252,0.002247547450573827,0.0036119025437806,0.6222613770252243
TLT,Chronos-Small,0.01,MA-504,0.00349213512735766,0.0036119025437806,0.9668409058740608
TLT,Chronos-Small,0.025,MA-126,0.0010604292546941448,0.0023279448182381,0.4555216456963651
TLT,Chronos-Small,0.025,MA-252,0.001402575380417963,0.0023279448182381,0.6024951147594209
TLT,Chronos-Small,0.025,MA-504,0.002449146274805434,0.0023279448182381,1.0520637154359465
TLT,Chronos-Small,0.05,MA-126,0.0008703161240583634,0.0016535663013122,0.5263267178145307
TLT,Chronos-Small,0.05,MA-252,0.0013082363716053725,0.0016535663013122,0.7911605180676528
TLT,Chronos-Small,0.05,MA-504,0.002385966301583468,0.0016535663013122,1.4429214599318252
TLT,GJR-GARCH-t,0.01,MA-126,0.0013737009310856854,0.0037436942081542,0.3669372696342574
TLT,GJR-GARCH-t,0.01,MA-252,0.0019758249131028045,0.0037436942081542,0.5277741191572829
TLT,GJR-GARCH-t,0.01,MA-504,0.002762472159024955,0.0037436942081542,0.7379000541785625
TLT,GJR-GARCH-t,0.025,MA-126,0.0008473568542670701,0.0017994070474101,0.4709089338550036
TLT,GJR-GARCH-t,0.025,MA-252,0.001255992535078435,0.0017994070474101,0.6980035656113465
TLT,GJR-GARCH-t,0.025,MA-504,0.001861399640064679,0.0017994070474101,1.0344516782591273
TLT,GJR-GARCH-t,0.05,MA-126,0.0005931137108543204,0.001127490014751,0.5260478612622626
TLT,GJR-GARCH-t,0.05,MA-252,0.0008883314954937513,0.001127490014751,0.7878841354439262
TLT,GJR-GARCH-t,0.05,MA-504,0.0012976081085979674,0.001127490014751,1.1508821289956497
TLT,Moirai-2.0,0.01,MA-126,0.0011928062391031496,0.0035885932341411,0.3323882539138315
TLT,Moirai-2.0,0.01,MA-252,0.0016223075841697682,0.0035885932341411,0.45207341103346144
TLT,Moirai-2.0,0.01,MA-504,0.0025016261725700813,0.0035885932341411,0.6971049682561263
TLT,Moirai-2.0,0.025,MA-126,0.0007470789390385878,0.002239692339612,0.33356319786672584
TLT,Moirai-2.0,0.025,MA-252,0.0010588587366556935,0.002239692339612,0.4727697273095679
TLT,Moirai-2.0,0.025,MA-504,0.001735362310120208,0.002239692339612,0.7748217375342002
TLT,Moirai-2.0,0.05,MA-126,0.000541722746030109,0.001506098963576,0.35968602271916567
TLT,Moirai-2.0,0.05,MA-252,0.0007943637203044881,0.001506098963576,0.5274312907157135
TLT,Moirai-2.0,0.05,MA-504,0.0013604795004978675,0.001506098963576,0.9033134829783154
TLT,TimesFM-2.5,0.01,MA-126,0.001511404418933877,0.0040342837796989,0.3746400851966545
TLT,TimesFM-2.5,0.01,MA-252,0.0021194212908527943,0.0040342837796989,0.5253525548990949
TLT,TimesFM-2.5,0.01,MA-504,0.003427235787108739,0.0040342837796989,0.8495276917194289
TLT,TimesFM-2.5,0.025,MA-126,0.0009300135630649612,0.0024282034291101,0.3830047976687839
TLT,TimesFM-2.5,0.025,MA-252,0.0013633848768521463,0.0024282034291101,0.5614788532572851
TLT,TimesFM-2.5,0.025,MA-504,0.0023213743036675284,0.0024282034291101,0.9560048700360648
TLT,TimesFM-2.5,0.05,MA-126,0.0006580408144848355,0.0015218485951871,0.4323957170022779
TLT,TimesFM-2.5,0.05,MA-252,0.0009814679517310173,0.0015218485951871,0.6449182624572145
TLT,TimesFM-2.5,0.05,MA-504,0.0016731670416535625,0.0015218485951871,1.09943068380456
USDJPY,Chronos-Small,0.01,MA-126,0.006841707766729175,0.0037520342296266,1.823466244712287
USDJPY,Chronos-Small,0.01,MA-252,0.010746392926772666,0.0037520342296266,2.8641510895390048
USDJPY,Chronos-Small,0.01,MA-504,0.016072612117858476,0.0037520342296266,4.283706153570463
USDJPY,Chronos-Small,0.025,MA-126,0.0038765569343291537,0.0023663620458176,1.6381926599865522
USDJPY,Chronos-Small,0.025,MA-252,0.005916378855564752,0.0023663620458176,2.5002001980303854
USDJPY,Chronos-Small,0.025,MA-504,0.008678263652268016,0.0023663620458176,3.6673440007230997
USDJPY,Chronos-Small,0.05,MA-126,0.0015293698879336813,0.0016682336364122,0.916760011638917
USDJPY,Chronos-Small,0.05,MA-252,0.001840107081653311,0.0016682336364122,1.1030272028387775
USDJPY,Chronos-Small,0.05,MA-504,0.0020638539996955746,0.0016682336364122,1.2371492545457954
USDJPY,GJR-GARCH-t,0.01,MA-126,0.001848145557961885,0.0034361335158788,0.5378561541399294
USDJPY,GJR-GARCH-t,0.01,MA-252,0.002312493712835786,0.0034361335158788,0.6729929736866933
USDJPY,GJR-GARCH-t,0.01,MA-504,0.003350377074395645,0.0034361335158788,0.9750427504964916
USDJPY,GJR-GARCH-t,0.025,MA-126,0.0013389281518753266,0.0023834416431236,0.5617625066417004
USDJPY,GJR-GARCH-t,0.025,MA-252,0.001630896279709784,0.0023834416431236,0.6842610493170818
USDJPY,GJR-GARCH-t,0.025,MA-504,0.002349191911528475,0.0023834416431236,0.9856301362804758
USDJPY,GJR-GARCH-t,0.05,MA-126,0.00093526400018272,0.0016105783232697,0.5807007251184176
USDJPY,GJR-GARCH-t,0.05,MA-252,0.0011342710221399813,0.0016105783232697,0.704263186553543
USDJPY,GJR-GARCH-t,0.05,MA-504,0.0016830896189372843,0.0016105783232697,1.0450218996617167
USDJPY,Moirai-2.0,0.01,MA-126,0.0018277354232142313,0.0082124624755151,0.22255631957692357
USDJPY,Moirai-2.0,0.01,MA-252,0.002747959906904675,0.0082124624755151,0.334608519076651
USDJPY,Moirai-2.0,0.01,MA-504,0.005204245690568998,0.0082124624755151,0.6337010008977337
USDJPY,Moirai-2.0,0.025,MA-126,0.0010332553385999747,0.0044589772997208,0.2317247362225128
USDJPY,Moirai-2.0,0.025,MA-252,0.001546351605226998,0.0044589772997208,0.34679512840844096
USDJPY,Moirai-2.0,0.025,MA-504,0.002887878818845826,0.0044589772997208,0.647654972144992
USDJPY,Moirai-2.0,0.05,MA-126,0.0006842462099542184,0.0027154417034928,0.25198339153224714
USDJPY,Moirai-2.0,0.05,MA-252,0.0009992963663323117,0.0027154417034928,0.3680050892077497
USDJPY,Moirai-2.0,0.05,MA-504,0.0018778557865193962,0.0027154417034928,0.6915470820470794
USDJPY,TimesFM-2.5,0.01,MA-126,0.0017206008905065284,0.007609523291086,0.2261115216668154
USDJPY,TimesFM-2.5,0.01,MA-252,0.0024220557676197674,0.007609523291086,0.31829270704211243
USDJPY,TimesFM-2.5,0.01,MA-504,0.004340259195998892,0.007609523291086,0.5703720233149413
USDJPY,TimesFM-2.5,0.025,MA-126,0.0010762289009154623,0.0043176130039606,0.24926479050536124
USDJPY,TimesFM-2.5,0.025,MA-252,0.0015174352657103519,0.0043176130039606,0.35145235673470265
USDJPY,TimesFM-2.5,0.025,MA-504,0.002654993810065476,0.0043176130039606,0.6149216726070672
USDJPY,TimesFM-2.5,0.05,MA-126,0.000694213074310067,0.0025611430798926,0.2710559514461716
USDJPY,TimesFM-2.5,0.05,MA-252,0.0009714285207302087,0.0025611430798926,0.37929490482466327
USDJPY,TimesFM-2.5,0.05,MA-504,0.0017219625534817193,0.0025611430798926,0.6723414115364178
WTI,Chronos-Small,0.01,MA-126,0.006681048572826693,0.0121135652528578,0.5515344519443207
WTI,Chronos-Small,0.01,MA-252,0.010466079016206106,0.0121135652528578,0.8639965854591798
WTI,Chronos-Small,0.01,MA-504,0.019774446720879333,0.0121135652528578,1.6324216948609904
WTI,Chronos-Small,0.025,MA-126,0.005546769906165486,0.0076520549255589,0.7248732477910638
WTI,Chronos-Small,0.025,MA-252,0.008710599358600721,0.0076520549255589,1.1383346621710908
WTI,Chronos-Small,0.025,MA-504,0.015825319802539404,0.0076520549255589,2.068113723240628
WTI,Chronos-Small,0.05,MA-126,0.004795325139274873,0.0054015202823627,0.8877732357930408
WTI,Chronos-Small,0.05,MA-252,0.0074469246501047545,0.0054015202823627,1.3786719776691028
WTI,Chronos-Small,0.05,MA-504,0.013010935523732399,0.0054015202823627,2.4087543586971845
WTI,GJR-GARCH-t,0.01,MA-126,0.005433205445930641,0.0191999954578927,0.28297951725281106
WTI,GJR-GARCH-t,0.01,MA-252,0.007534777796494922,0.0191999954578927,0.3924364364053815
WTI,GJR-GARCH-t,0.01,MA-504,0.01074330682787922,0.0191999954578927,0.5595473629897595
WTI,GJR-GARCH-t,0.025,MA-126,0.0031762264966947204,0.0104062430761283,0.3052231697317273
WTI,GJR-GARCH-t,0.025,MA-252,0.0045355370483684074,0.0104062430761283,0.4358476940417462
WTI,GJR-GARCH-t,0.025,MA-504,0.006652406578463944,0.0104062430761283,0.6392707271776519
WTI,GJR-GARCH-t,0.05,MA-126,0.0023302687575318284,0.0066827786845276,0.3486975803832943
WTI,GJR-GARCH-t,0.05,MA-252,0.0031319567865289227,0.0066827786845276,0.4686608571641361
WTI,GJR-GARCH-t,0.05,MA-504,0.004481031747742872,0.0066827786845276,0.6705342132783247
WTI,Moirai-2.0,0.01,MA-126,0.007214002852716613,0.0206858546759403,0.34874086498863466
WTI,Moirai-2.0,0.01,MA-252,0.010376094644545697,0.0206858546759403,0.5016033810106054
WTI,Moirai-2.0,0.01,MA-504,0.017380602630882445,0.0206858546759403,0.8402168004736981
WTI,Moirai-2.0,0.025,MA-126,0.0039979705908877155,0.011049862557807,0.3618117935831745
WTI,Moirai-2.0,0.025,MA-252,0.006111632189508302,0.011049862557807,0.5530957654482573
WTI,Moirai-2.0,0.025,MA-504,0.010121383863871874,0.011049862557807,0.9159737336932636
WTI,Moirai-2.0,0.05,MA-126,0.0025442282720194546,0.0067484680665356,0.37700827016368504
WTI,Moirai-2.0,0.05,MA-252,0.003984211320535794,0.0067484680665356,0.5903875192494068
WTI,Moirai-2.0,0.05,MA-504,0.006653842611802001,0.0067484680665356,0.9859782318297053
WTI,TimesFM-2.5,0.01,MA-126,0.007489819498033129,0.0195570871168792,0.38297213962752485
WTI,TimesFM-2.5,0.01,MA-252,0.011057037375120713,0.0195570871168792,0.5653724048494767
WTI,TimesFM-2.5,0.01,MA-504,0.018518029095199583,0.0195570871168792,0.9468705121846681
WTI,TimesFM-2.5,0.025,MA-126,0.0039895737548567055,0.0109295024579636,0.36502793884727747
WTI,TimesFM-2.5,0.025,MA-252,0.006275127212958705,0.0109295024579636,0.5741457341808307
WTI,TimesFM-2.5,0.025,MA-504,0.01027332287925304,0.0109295024579636,0.9399625388955885
WTI,TimesFM-2.5,0.05,MA-126,0.002522611609549846,0.0067484863838787,0.37380406005946065
WTI,TimesFM-2.5,0.05,MA-252,0.003997757246561608,0.0067484863838787,0.5923931707281437
WTI,TimesFM-2.5,0.05,MA-504,0.006606394970005861,0.0067484863838787,0.9789446987383307
