asset,forecaster,n,n_windows,n_possible,raw_sd,bound,sigma_tail,dropped,drop_reason
SP500,Chronos-Small,250,6,24,0.013139408634773352,0.006235098456767978,0.009858556279393858,False,
SP500,Chronos-Small,500,1,12,,,0.009858556279393858,True,<5 valid windows after FZ filter (1/12)
SP500,Chronos-Small,750,0,8,,,0.009858556279393858,True,<5 valid windows after FZ filter (0/8)
SP500,Chronos-Small,1000,0,6,,,0.009858556279393858,True,<5 valid windows after FZ filter (0/6)
STOXX,Chronos-Small,250,4,19,,,0.009325588485376294,True,<5 valid windows after FZ filter (4/19)
STOXX,Chronos-Small,500,1,9,,,0.009325588485376294,True,<5 valid windows after FZ filter (1/9)
STOXX,Chronos-Small,750,0,6,,,0.009325588485376294,True,<5 valid windows after FZ filter (0/6)
STOXX,Chronos-Small,1000,0,4,,,0.009325588485376294,True,"<5 non-overlapping windows (4 possible, T=4993)"
STOXX,TimesFM-2.5,250,19,19,0.009174891015193148,0.007306474458742281,0.011552550477735783,False,
STOXX,TimesFM-2.5,500,9,9,0.005580022405098884,0.005166457636342976,0.011552550477735783,False,
STOXX,TimesFM-2.5,750,6,6,0.005124963380000898,0.004218394995581981,0.011552550477735783,False,
STOXX,TimesFM-2.5,1000,0,4,,,0.011552550477735783,True,"<5 non-overlapping windows (4 possible, T=4993)"
STOXX,Moirai-2.0,250,19,19,0.009827332169078972,0.0070172354046624235,0.0110952233781533,False,
STOXX,Moirai-2.0,500,9,9,0.006464667386302126,0.004961934739819126,0.0110952233781533,False,
STOXX,Moirai-2.0,750,6,6,0.005657070740929944,0.004051402749848823,0.0110952233781533,False,
STOXX,Moirai-2.0,1000,0,4,,,0.0110952233781533,True,"<5 non-overlapping windows (4 possible, T=4993)"
STOXX,GJR-GARCH-t,250,21,21,0.004995926805273102,0.004992639254606595,0.007894055790061073,False,
STOXX,GJR-GARCH-t,500,10,10,0.003921569490199303,0.0035303290729504734,0.007894055790061073,False,
STOXX,GJR-GARCH-t,750,7,7,0.003903319003182682,0.0028825016176138103,0.007894055790061073,False,
STOXX,GJR-GARCH-t,1000,5,5,0.0018801190751824115,0.0024963196273032973,0.007894055790061073,False,
GDAXI,Chronos-Small,250,9,24,0.01072683654124692,0.006544760140386628,0.01034817439155255,False,
GDAXI,Chronos-Small,500,1,12,,,0.01034817439155255,True,<5 valid windows after FZ filter (1/12)
GDAXI,Chronos-Small,750,1,8,,,0.01034817439155255,True,<5 valid windows after FZ filter (1/8)
GDAXI,Chronos-Small,1000,0,6,,,0.01034817439155255,True,<5 valid windows after FZ filter (0/6)
SP500,Moirai-2.0,250,24,24,0.011192881696799844,0.006740917008769093,0.01065832563293978,False,
SP500,Moirai-2.0,500,12,12,0.008115260386818238,0.004766548128316363,0.01065832563293978,False,
SP500,Moirai-2.0,750,8,8,0.0070391378815901524,0.003891870249597763,0.01065832563293978,False,
SP500,Moirai-2.0,1000,6,6,0.007310487348757331,0.0033704585043845465,0.01065832563293978,False,
SP500,TimesFM-2.5,250,24,24,0.010104586888771942,0.006521337890437595,0.010311140562670197,False,
SP500,TimesFM-2.5,500,12,12,0.0066914224683489775,0.004611282244737198,0.010311140562670197,False,
SP500,TimesFM-2.5,750,8,8,0.004580444491769083,0.0037650961865206517,0.010311140562670197,False,
SP500,TimesFM-2.5,1000,6,6,0.005252729513866024,0.0032606689452187973,0.010311140562670197,False,
SP500,GJR-GARCH-t,250,25,25,0.007349567359950611,0.004694542028963106,0.007422722691455784,False,
SP500,GJR-GARCH-t,500,12,12,0.006444597580438033,0.003319542503245066,0.007422722691455784,False,
SP500,GJR-GARCH-t,750,8,8,0.005993235504783845,0.002710395104143861,0.007422722691455784,False,
SP500,GJR-GARCH-t,1000,6,6,0.004822554320436485,0.002347271014481553,0.007422722691455784,False,
GDAXI,GJR-GARCH-t,250,25,25,0.007691380256732511,0.0052295069712977,0.00826857653451476,False,
GDAXI,GJR-GARCH-t,500,12,12,0.006474596273544608,0.0036978198416669278,0.00826857653451476,False,
GDAXI,GJR-GARCH-t,750,8,8,0.006355466150127493,0.003019257257607752,0.00826857653451476,False,
GDAXI,GJR-GARCH-t,1000,6,6,0.005603141667441466,0.00261475348564885,0.00826857653451476,False,
GDAXI,TimesFM-2.5,250,24,24,0.013491187685021605,0.00697076885175105,0.011021753307044966,False,
GDAXI,TimesFM-2.5,500,12,12,0.008793024611082707,0.004929077925157131,0.011021753307044966,False,
GDAXI,TimesFM-2.5,750,8,8,0.0058438982555383875,0.004024575273017128,0.011021753307044966,False,
GDAXI,TimesFM-2.5,1000,6,6,0.004005780575855659,0.003485384425875525,0.011021753307044966,False,
FCHI,Chronos-Small,250,13,24,0.01694326846472795,0.006449783892335833,0.010198003757823731,False,
FCHI,Chronos-Small,500,4,12,,,0.010198003757823731,True,<5 valid windows after FZ filter (4/12)
FCHI,Chronos-Small,750,2,8,,,0.010198003757823731,True,<5 valid windows after FZ filter (2/8)
FCHI,Chronos-Small,1000,1,6,,,0.010198003757823731,True,<5 valid windows after FZ filter (1/6)
FTSE100,Chronos-Small,250,7,24,0.025918874885378737,0.005494392280259005,0.008687396982032327,False,
FTSE100,Chronos-Small,500,3,12,,,0.008687396982032327,True,<5 valid windows after FZ filter (3/12)
FTSE100,Chronos-Small,750,1,8,,,0.008687396982032327,True,<5 valid windows after FZ filter (1/8)
FTSE100,Chronos-Small,1000,0,6,,,0.008687396982032327,True,<5 valid windows after FZ filter (0/6)
GDAXI,Moirai-2.0,250,24,24,0.012888386440949562,0.0072374642562939105,0.011443435766972694,False,
GDAXI,Moirai-2.0,500,12,12,0.009145550205837627,0.005117660054220677,0.011443435766972694,False,
GDAXI,Moirai-2.0,750,8,8,0.008171508452195905,0.004178551936621584,0.011443435766972694,False,
GDAXI,Moirai-2.0,1000,6,6,0.006222360581739547,0.0036187321281469552,0.011443435766972694,False,
FCHI,TimesFM-2.5,250,24,24,0.012848869657022527,0.007556621492636422,0.011948067666256196,False,
FCHI,TimesFM-2.5,500,12,12,0.006975688763199325,0.0053433383003032246,0.011948067666256196,False,
FCHI,TimesFM-2.5,750,8,8,0.006343786762543705,0.00436281745293775,0.011948067666256196,False,
FCHI,TimesFM-2.5,1000,6,6,0.004373208631815977,0.003778310746318211,0.011948067666256196,False,
FCHI,GJR-GARCH-t,250,25,25,0.008873803286440994,0.006221062559149761,0.009836363576654608,False,
FCHI,GJR-GARCH-t,500,12,12,0.007251047980752891,0.004398955521760534,0.009836363576654608,False,
FCHI,GJR-GARCH-t,750,8,8,0.004253600406004552,0.0035917321431706167,0.009836363576654608,False,
FCHI,GJR-GARCH-t,1000,6,6,0.00372229661494127,0.0031105312795748803,0.009836363576654608,False,
FCHI,Moirai-2.0,250,24,24,0.012464303151871877,0.007537998050835006,0.011918621419274165,False,
FCHI,Moirai-2.0,500,12,12,0.007946149071243625,0.005330169538316411,0.011918621419274165,False,
FCHI,Moirai-2.0,750,8,8,0.0070585310800546025,0.004352065203800466,0.011918621419274165,False,
FCHI,Moirai-2.0,1000,6,6,0.0054036202375580085,0.003768999025417503,0.011918621419274165,False,
FTSE100,TimesFM-2.5,250,24,24,0.011717888440246575,0.0063760334908481145,0.0100813941342972,False,
FTSE100,TimesFM-2.5,500,12,12,0.006304949589696926,0.004508536518451236,0.0100813941342972,False,
FTSE100,TimesFM-2.5,750,8,8,0.00570668960368891,0.0036812046523032283,0.0100813941342972,False,
FTSE100,TimesFM-2.5,1000,6,6,0.004669405554610996,0.0031880167454240572,0.0100813941342972,False,
FTSE100,GJR-GARCH-t,250,25,25,0.005798830622219869,0.0036386328839205953,0.005753183741188071,False,
FTSE100,GJR-GARCH-t,500,12,12,0.004430106324703017,0.0025729019864686167,0.005753183741188071,False,
FTSE100,GJR-GARCH-t,750,8,8,0.002973938491749736,0.00210076567501378,0.005753183741188071,False,
FTSE100,GJR-GARCH-t,1000,6,6,0.002838442085254821,0.0018193164419602976,0.005753183741188071,False,
FTSE100,Moirai-2.0,250,24,24,0.009253458613866677,0.006187679578403547,0.009783580449532817,False,
FTSE100,Moirai-2.0,500,12,12,0.005736362493598293,0.004375350189698666,0.009783580449532817,False,
FTSE100,Moirai-2.0,750,8,8,0.004372988244467474,0.003572458470250438,0.009783580449532817,False,
FTSE100,Moirai-2.0,1000,6,6,0.004621745038342032,0.0030938397892017735,0.009783580449532817,False,
NIKKEI,Chronos-Small,250,13,23,0.02359402084214251,0.0069930205145701755,0.011056936275162226,False,
NIKKEI,Chronos-Small,500,5,11,0.023016539788301715,0.0049448122268292115,0.011056936275162226,False,
NIKKEI,Chronos-Small,750,3,7,,,0.011056936275162226,True,<5 valid windows after FZ filter (3/7)
NIKKEI,Chronos-Small,1000,2,5,,,0.011056936275162226,True,<5 valid windows after FZ filter (2/5)
HSI,Chronos-Small,250,12,23,0.022215807944098408,0.00668554909476018,0.010570781274159525,False,
HSI,Chronos-Small,500,3,11,,,0.010570781274159525,True,<5 valid windows after FZ filter (3/11)
HSI,Chronos-Small,750,1,7,,,0.010570781274159525,True,<5 valid windows after FZ filter (1/7)
HSI,Chronos-Small,1000,0,5,,,0.010570781274159525,True,<5 valid windows after FZ filter (0/5)
NIKKEI,TimesFM-2.5,250,23,23,0.01706289160652844,0.010184894148348077,0.016103731618250388,False,
NIKKEI,TimesFM-2.5,500,11,11,0.0069242332885502186,0.007201807717964112,0.016103731618250388,False,
NIKKEI,TimesFM-2.5,750,7,7,0.007876457825668494,0.005880251378216607,0.016103731618250388,False,
NIKKEI,TimesFM-2.5,1000,5,5,0.005627686935158171,0.005092447074174038,0.016103731618250388,False,
NIKKEI,GJR-GARCH-t,250,24,24,0.008915978735997102,0.006711076261816127,0.010611143269213728,False,
NIKKEI,GJR-GARCH-t,500,12,12,0.007690597163664401,0.004745447533790249,0.010611143269213728,False,
NIKKEI,GJR-GARCH-t,750,8,8,0.005405594738901319,0.003874641686311648,0.010611143269213728,False,
NIKKEI,GJR-GARCH-t,1000,6,6,0.006274644895467136,0.0033555381309080634,0.010611143269213728,False,
BOVESPA,Chronos-Small,250,10,23,0.007661650842194392,0.007816628766021244,0.012359175262309252,False,
BOVESPA,Chronos-Small,500,2,11,,,0.012359175262309252,True,<5 valid windows after FZ filter (2/11)
BOVESPA,Chronos-Small,750,1,7,,,0.012359175262309252,True,<5 valid windows after FZ filter (1/7)
BOVESPA,Chronos-Small,1000,0,5,,,0.012359175262309252,True,<5 valid windows after FZ filter (0/5)
NIKKEI,Moirai-2.0,250,23,23,0.013603416419847405,0.008677717548537668,0.013720676172495892,False,
NIKKEI,Moirai-2.0,500,11,11,0.006036597345120249,0.006136072923792489,0.013720676172495892,False,
NIKKEI,Moirai-2.0,750,7,7,0.006276043805370397,0.005010082562599763,0.013720676172495892,False,
NIKKEI,Moirai-2.0,1000,5,5,0.004164863504406963,0.004338858774268834,0.013720676172495892,False,
HSI,TimesFM-2.5,250,23,23,0.01636182120514645,0.008691690457800045,0.013742769281899877,False,
HSI,TimesFM-2.5,500,11,11,0.006682828972469255,0.006145953262684818,0.013742769281899877,False,
HSI,TimesFM-2.5,750,7,7,0.0038833480223848583,0.005018149825523757,0.013742769281899877,False,
HSI,TimesFM-2.5,1000,5,5,0.0020640431645724774,0.004345845228900022,0.013742769281899877,False,
HSI,GJR-GARCH-t,250,24,24,0.014405141586435459,0.014503376424294535,0.02293185163177968,False,
HSI,GJR-GARCH-t,500,12,12,0.009176919484910688,0.010255435819719768,0.02293185163177968,False,
HSI,GJR-GARCH-t,750,8,8,0.006792853078547525,0.008373528282724921,0.02293185163177968,False,
HSI,GJR-GARCH-t,1000,6,6,0.005147748992127653,0.007251688212147268,0.02293185163177968,False,
NIFTY,Chronos-Small,250,2,16,,,0.008022606235421078,True,<5 valid windows after FZ filter (2/16)
NIFTY,Chronos-Small,500,0,8,,,0.008022606235421078,True,<5 valid windows after FZ filter (0/8)
NIFTY,Chronos-Small,750,0,5,,,0.008022606235421078,True,<5 valid windows after FZ filter (0/5)
NIFTY,Chronos-Small,1000,0,4,,,0.008022606235421078,True,"<5 non-overlapping windows (4 possible, T=4026)"
HSI,Moirai-2.0,250,23,23,0.016124238577990033,0.008637108628645246,0.013656467832406205,False,
HSI,Moirai-2.0,500,11,11,0.005565228822634904,0.006107358081159896,0.013656467832406205,False,
HSI,Moirai-2.0,750,7,7,0.006520188566624454,0.004986636991768372,0.013656467832406205,False,
HSI,Moirai-2.0,1000,5,5,0.004415239089186045,0.004318554314322623,0.013656467832406205,False,
BOVESPA,GJR-GARCH-t,250,24,24,0.00879384361886493,0.0076898639764928335,0.012158742531298434,False,
BOVESPA,GJR-GARCH-t,500,12,12,0.007896574181099665,0.005437554964180232,0.012158742531298434,False,
BOVESPA,GJR-GARCH-t,750,8,8,0.006940653941563176,0.004439745036859744,0.012158742531298434,False,
BOVESPA,GJR-GARCH-t,1000,6,6,0.005026690740346516,0.0038449319882464168,0.012158742531298434,False,
NIFTY,TimesFM-2.5,250,16,16,0.011179448597886978,0.008946382837245411,0.014145473292767484,False,
NIFTY,TimesFM-2.5,500,8,8,0.006309867290701401,0.006326047971307176,0.014145473292767484,False,
NIFTY,TimesFM-2.5,750,5,5,0.005170582402124635,0.005165196539357086,0.014145473292767484,False,
NIFTY,TimesFM-2.5,1000,0,4,,,0.014145473292767484,True,"<5 non-overlapping windows (4 possible, T=4026)"
BOVESPA,TimesFM-2.5,250,23,23,0.015031364533449422,0.010088595485889456,0.01595147006375189,False,
BOVESPA,TimesFM-2.5,500,11,11,0.009652467940268507,0.007133714280720426,0.01595147006375189,False,
BOVESPA,TimesFM-2.5,750,7,7,0.00936357872031209,0.0058246533195235204,0.01595147006375189,False,
BOVESPA,TimesFM-2.5,1000,5,5,0.005971083549968894,0.005044297742944728,0.01595147006375189,False,
BOVESPA,Moirai-2.0,250,23,23,0.014936613070291468,0.010283598204094108,0.016259796433477233,False,
BOVESPA,Moirai-2.0,500,11,11,0.010585190188359024,0.0072716020251127455,0.016259796433477233,False,
BOVESPA,Moirai-2.0,750,7,7,0.009302705373958855,0.005937238191371686,0.016259796433477233,False,
BOVESPA,Moirai-2.0,1000,5,5,0.007248384439996321,0.005141799102047054,0.016259796433477233,False,
NIFTY,GJR-GARCH-t,250,17,17,0.006661992409929763,0.007055329212156629,0.011155454976368141,False,
NIFTY,GJR-GARCH-t,500,8,8,0.004251260865066902,0.004988871129419495,0.011155454976368141,False,
NIFTY,GJR-GARCH-t,750,5,5,0.0027842690015891874,0.004073396219860061,0.011155454976368141,False,
NIFTY,GJR-GARCH-t,1000,0,4,,,0.011155454976368141,True,"<5 non-overlapping windows (4 possible, T=4288)"
ASX200,Chronos-Small,250,7,24,0.01796977229704452,0.004914805908386487,0.007770990464077074,False,
ASX200,Chronos-Small,500,2,12,,,0.007770990464077074,True,<5 valid windows after FZ filter (2/12)
ASX200,Chronos-Small,750,1,8,,,0.007770990464077074,True,<5 valid windows after FZ filter (1/8)
ASX200,Chronos-Small,1000,0,6,,,0.007770990464077074,True,<5 valid windows after FZ filter (0/6)
NIFTY,Moirai-2.0,250,16,16,0.013904858319977608,0.00921303194007118,0.01456708254325242,False,
NIFTY,Moirai-2.0,500,8,8,0.009287711389481071,0.006514597360112586,0.01456708254325242,False,
NIFTY,Moirai-2.0,750,5,5,0.00887395859452758,0.005319146470652717,0.01456708254325242,False,
NIFTY,Moirai-2.0,1000,0,4,,,0.01456708254325242,True,"<5 non-overlapping windows (4 possible, T=4026)"
ICLN,Chronos-Small,250,8,15,0.009614703074793793,0.007772382436443356,0.012289215672524952,False,
ICLN,Chronos-Small,500,1,7,,,0.012289215672524952,True,<5 valid windows after FZ filter (1/7)
ICLN,Chronos-Small,750,1,5,,,0.012289215672524952,True,<5 valid windows after FZ filter (1/5)
ICLN,Chronos-Small,1000,0,3,,,0.012289215672524952,True,"<5 non-overlapping windows (3 possible, T=3947)"
ICLN,TimesFM-2.5,250,15,15,0.01652026352533078,0.010357867666048765,0.0163772267636632,False,
ICLN,TimesFM-2.5,500,7,7,0.010690858432227742,0.007324118465295959,0.0163772267636632,False,
ICLN,TimesFM-2.5,750,5,5,0.01079653888846048,0.005980117685223775,0.0163772267636632,False,
ICLN,TimesFM-2.5,1000,0,3,,,0.0163772267636632,True,"<5 non-overlapping windows (3 possible, T=3947)"
ICLN,GJR-GARCH-t,250,16,16,0.012220814952954125,0.00868012531713993,0.013724483188926783,False,
ICLN,GJR-GARCH-t,500,8,8,0.010468323787372872,0.006137775473298675,0.013724483188926783,False,
ICLN,GJR-GARCH-t,750,5,5,0.007241138906411688,0.005011472688450424,0.013724483188926783,False,
ICLN,GJR-GARCH-t,1000,0,4,,,0.013724483188926783,True,"<5 non-overlapping windows (4 possible, T=4209)"
ICLN,Moirai-2.0,250,15,15,0.018025571394155778,0.010629062615442627,0.016806023628672555,False,
ICLN,Moirai-2.0,500,7,7,0.012486110439016682,0.007515882253035903,0.016806023628672555,False,
ICLN,Moirai-2.0,750,5,5,0.0138527132989,0.00613669216225919,0.016806023628672555,False,
ICLN,Moirai-2.0,1000,0,3,,,0.016806023628672555,True,"<5 non-overlapping windows (3 possible, T=3947)"
ASX200,GJR-GARCH-t,250,25,25,0.005095497771950091,0.003515901207548637,0.005559127921995042,False,
ASX200,GJR-GARCH-t,500,12,12,0.004183651253551103,0.002486117585839612,0.005559127921995042,False,
ASX200,GJR-GARCH-t,750,8,8,0.003036239336514263,0.002029906508622336,0.005559127921995042,False,
ASX200,GJR-GARCH-t,1000,6,6,0.0027483146407428637,0.0017579506037743184,0.005559127921995042,False,
ASX200,TimesFM-2.5,250,24,24,0.010526975409100732,0.005552020685292263,0.00877851549094623,False,
ASX200,TimesFM-2.5,500,12,12,0.005702673444721805,0.003925871475858142,0.00877851549094623,False,
ASX200,TimesFM-2.5,750,8,8,0.0032943109328827064,0.0032054606371998587,0.00877851549094623,False,
ASX200,TimesFM-2.5,1000,6,6,0.004213066675487779,0.0027760103426461317,0.00877851549094623,False,
ASX200,Moirai-2.0,250,24,24,0.010937594658295366,0.005832862248973722,0.009222564992384547,False,
ASX200,Moirai-2.0,500,12,12,0.007311969989122202,0.004124456449976335,0.009222564992384547,False,
ASX200,Moirai-2.0,750,8,8,0.005291054874976216,0.0033676045895909847,0.009222564992384547,False,
ASX200,Moirai-2.0,1000,6,6,0.005060175774578268,0.002916431124486861,0.009222564992384547,False,
IBGL,Chronos-Small,250,7,16,0.003230146288255014,0.0038457872055796005,0.006080723482982875,False,
IBGL,Chronos-Small,500,2,8,,,0.006080723482982875,True,<5 valid windows after FZ filter (2/8)
IBGL,Chronos-Small,750,1,5,,,0.006080723482982875,True,<5 valid windows after FZ filter (1/5)
IBGL,Chronos-Small,1000,0,4,,,0.006080723482982875,True,"<5 non-overlapping windows (4 possible, T=4086)"
TLT,TimesFM-2.5,250,21,21,0.004791247459515321,0.004034283779698949,0.00637876273566082,False,
TLT,TimesFM-2.5,500,10,10,0.0034326216502091676,0.002852669417856023,0.00637876273566082,False,
TLT,TimesFM-2.5,750,7,7,0.001980310846000658,0.0023291948261965293,0.00637876273566082,False,
TLT,TimesFM-2.5,1000,5,5,0.0020550274149660486,0.0020171418898494746,0.00637876273566082,False,
TLT,Chronos-Small,250,14,21,0.007361548299042696,0.003611902543780647,0.005710919362451441,False,
TLT,Chronos-Small,500,5,10,0.0066091554853126705,0.0025540007816922364,0.005710919362451441,False,
TLT,Chronos-Small,750,3,7,,,0.005710919362451441,True,<5 valid windows after FZ filter (3/7)
TLT,Chronos-Small,1000,1,5,,,0.005710919362451441,True,<5 valid windows after FZ filter (1/5)
TLT,GJR-GARCH-t,250,22,22,0.004645320043579593,0.003743694208154286,0.005919300280474025,False,
TLT,GJR-GARCH-t,500,11,11,0.0022542487547571994,0.002647191561274698,0.005919300280474025,False,
TLT,GJR-GARCH-t,750,7,7,0.00291262370366587,0.00216142285884152,0.005919300280474025,False,
TLT,GJR-GARCH-t,1000,5,5,0.001992293841093126,0.001871847104077143,0.005919300280474025,False,
DJCI,Chronos-Small,250,7,9,0.005138691697309232,0.003871684042858635,0.006121669977981128,False,
DJCI,Chronos-Small,500,0,4,,,0.006121669977981128,True,"<5 non-overlapping windows (4 possible, T=2310)"
DJCI,Chronos-Small,750,0,3,,,0.006121669977981128,True,"<5 non-overlapping windows (3 possible, T=2310)"
DJCI,Chronos-Small,1000,0,2,,,0.006121669977981128,True,"<5 non-overlapping windows (2 possible, T=2310)"
DJCI,GJR-GARCH-t,250,10,10,0.007739697991157776,0.0042960011782277084,0.00679257427698326,False,
DJCI,GJR-GARCH-t,500,5,5,0.006284471153483871,0.003037731565110211,0.00679257427698326,False,
DJCI,GJR-GARCH-t,750,0,3,,,0.00679257427698326,True,"<5 non-overlapping windows (3 possible, T=2572)"
DJCI,GJR-GARCH-t,1000,0,2,,,0.00679257427698326,True,"<5 non-overlapping windows (2 possible, T=2572)"
IBGL,GJR-GARCH-t,250,17,17,0.005420711772288035,0.011156335018582526,0.017639714499308852,False,
IBGL,GJR-GARCH-t,500,8,8,0.004219201615519595,0.007888720144828651,0.017639714499308852,False,
IBGL,GJR-GARCH-t,750,5,5,0.002856895013451001,0.00644111302614827,0.017639714499308852,False,
IBGL,GJR-GARCH-t,1000,0,4,,,0.017639714499308852,True,"<5 non-overlapping windows (4 possible, T=4348)"
DJCI,TimesFM-2.5,250,9,9,0.006944345799769428,0.0036799943156818602,0.005818581907013685,False,
DJCI,TimesFM-2.5,500,0,4,,,0.005818581907013685,True,"<5 non-overlapping windows (4 possible, T=2310)"
DJCI,TimesFM-2.5,750,0,3,,,0.005818581907013685,True,"<5 non-overlapping windows (3 possible, T=2310)"
DJCI,TimesFM-2.5,1000,0,2,,,0.005818581907013685,True,"<5 non-overlapping windows (2 possible, T=2310)"
IBGL,TimesFM-2.5,250,16,16,0.011041641699738742,0.009420991579950645,0.014895895604956164,False,
IBGL,TimesFM-2.5,500,8,8,0.006032635298591591,0.006661647031684467,0.014895895604956164,False,
IBGL,TimesFM-2.5,750,5,5,0.0035032514966929847,0.005439212024717702,0.014895895604956164,False,
IBGL,TimesFM-2.5,1000,0,4,,,0.014895895604956164,True,"<5 non-overlapping windows (4 possible, T=4086)"
DJCI,Moirai-2.0,250,9,9,0.00782429069911782,0.00416780458482477,0.006589877665269359,False,
DJCI,Moirai-2.0,500,0,4,,,0.006589877665269359,True,"<5 non-overlapping windows (4 possible, T=2310)"
DJCI,Moirai-2.0,750,0,3,,,0.006589877665269359,True,"<5 non-overlapping windows (3 possible, T=2310)"
DJCI,Moirai-2.0,1000,0,2,,,0.006589877665269359,True,"<5 non-overlapping windows (2 possible, T=2310)"
GOLD,Chronos-Small,250,7,23,0.012425374190595716,0.005623665870769208,0.008891796475692413,False,
GOLD,Chronos-Small,500,1,11,,,0.008891796475692413,True,<5 valid windows after FZ filter (1/11)
GOLD,Chronos-Small,750,0,7,,,0.008891796475692413,True,<5 valid windows after FZ filter (0/7)
GOLD,Chronos-Small,1000,0,5,,,0.008891796475692413,True,<5 valid windows after FZ filter (0/5)
IBGL,Moirai-2.0,250,16,16,0.010060534385827062,0.008725047156490407,0.01379551085344263,False,
IBGL,Moirai-2.0,500,8,8,0.006384027512614456,0.0061695400105267716,0.01379551085344263,False,
IBGL,Moirai-2.0,750,5,5,0.003937530894203836,0.005037408324491916,0.01379551085344263,False,
IBGL,Moirai-2.0,1000,0,4,,,0.01379551085344263,True,"<5 non-overlapping windows (4 possible, T=4086)"
TLT,Moirai-2.0,250,21,21,0.00384439411272945,0.0035885932341411016,0.0056740641078779006,False,
TLT,Moirai-2.0,500,10,10,0.0026812059876870995,0.002537518610781337,0.0056740641078779006,False,
TLT,Moirai-2.0,750,7,7,0.0016237258721757,0.002071875269743435,0.0056740641078779006,False,
TLT,Moirai-2.0,1000,5,5,0.0005034272836991724,0.0017942966170705508,0.0056740641078779006,False,
WTI,Chronos-Small,250,9,23,0.021026271115477623,0.01211356525285789,0.01915322839205222,False,
WTI,Chronos-Small,500,2,11,,,0.01915322839205222,True,<5 valid windows after FZ filter (2/11)
WTI,Chronos-Small,750,2,7,,,0.01915322839205222,True,<5 valid windows after FZ filter (2/7)
WTI,Chronos-Small,1000,0,5,,,0.01915322839205222,True,<5 valid windows after FZ filter (0/5)
GOLD,TimesFM-2.5,250,23,23,0.010015165492199303,0.008067444572210224,0.012755749872673519,False,
GOLD,TimesFM-2.5,500,11,11,0.005648365980262848,0.005704544763856454,0.012755749872673519,False,
GOLD,TimesFM-2.5,750,7,7,0.005725912197543111,0.004657741295437958,0.012755749872673519,False,
GOLD,TimesFM-2.5,1000,5,5,0.004342020318969519,0.004033722286105112,0.012755749872673519,False,
GOLD,Moirai-2.0,250,23,23,0.010564633287233359,0.008150246199656772,0.012886670741023423,False,
GOLD,Moirai-2.0,500,11,11,0.006493659266131356,0.005763094356117192,0.012886670741023423,False,
GOLD,Moirai-2.0,750,7,7,0.006206443381036341,0.004705546837333562,0.012886670741023423,False,
GOLD,Moirai-2.0,1000,5,5,0.006792030312929008,0.004075123099828386,0.012886670741023423,False,
GOLD,GJR-GARCH-t,250,24,24,0.006149028768394109,0.0065675158990526564,0.010384154405187434,False,
GOLD,GJR-GARCH-t,500,12,12,0.004544674787512536,0.004643935027770599,0.010384154405187434,False,
GOLD,GJR-GARCH-t,750,8,8,0.0022103922984845347,0.0037917570722251987,0.010384154405187434,False,
GOLD,GJR-GARCH-t,1000,6,6,0.0030462919151737267,0.0032837579495263282,0.010384154405187434,False,
WTI,TimesFM-2.5,250,23,23,0.02791945137311378,0.019557087116879264,0.030922469843837057,False,
WTI,TimesFM-2.5,500,11,11,0.01793635732672612,0.013828948920601393,0.030922469843837057,False,
WTI,TimesFM-2.5,750,7,7,0.014609265251414915,0.011291289511495205,0.030922469843837057,False,
WTI,TimesFM-2.5,1000,5,5,0.01603962203619012,0.009778543558439632,0.030922469843837057,False,
WTI,Moirai-2.0,250,23,23,0.03095050935272055,0.02068585467594035,0.03270720806160789,False,
WTI,Moirai-2.0,500,11,11,0.02285300591791504,0.014627108115996872,0.03270720806160789,False,
WTI,Moirai-2.0,750,7,7,0.01780302279948846,0.011942983765571638,0.03270720806160789,False,
WTI,Moirai-2.0,1000,5,5,0.020562867587038815,0.010342927337970174,0.03270720806160789,False,
WTI,GJR-GARCH-t,250,24,24,0.016634403630970334,0.019199995457892798,0.030357858355914376,False,
WTI,GJR-GARCH-t,500,12,12,0.01044584225377711,0.013576446987026909,0.030357858355914376,False,
WTI,GJR-GARCH-t,750,8,8,0.009829636436829865,0.011085122546054,0.030357858355914376,False,
WTI,GJR-GARCH-t,1000,6,6,0.007856931138764935,0.009599997728946399,0.030357858355914376,False,
CBU0,Chronos-Small,250,6,13,0.0035386134339302922,0.0017806242800065333,0.002815414190909033,False,
CBU0,Chronos-Small,500,2,6,,,0.002815414190909033,True,<5 valid windows after FZ filter (2/6)
CBU0,Chronos-Small,750,0,4,,,0.002815414190909033,True,"<5 non-overlapping windows (4 possible, T=3253)"
CBU0,Chronos-Small,1000,0,3,,,0.002815414190909033,True,"<5 non-overlapping windows (3 possible, T=3253)"
NATGAS,TimesFM-2.5,250,23,23,0.022309724191152996,0.02217651911382014,0.035064155486965246,False,
NATGAS,TimesFM-2.5,500,11,11,0.009764500867294813,0.015681167048495304,0.035064155486965246,False,
NATGAS,TimesFM-2.5,750,7,7,0.00469514926568147,0.012803619280052938,0.035064155486965246,False,
NATGAS,TimesFM-2.5,1000,5,5,0.004487748997319143,0.01108825955691007,0.035064155486965246,False,
CBU0,GJR-GARCH-t,250,13,14,0.008470512844861146,0.004582211946554433,0.007245113236372874,False,
CBU0,GJR-GARCH-t,500,6,7,0.009594697137474828,0.0032401131402426493,0.007245113236372874,False,
CBU0,GJR-GARCH-t,750,0,4,,,0.007245113236372874,True,"<5 non-overlapping windows (4 possible, T=3515)"
CBU0,GJR-GARCH-t,1000,0,3,,,0.007245113236372874,True,"<5 non-overlapping windows (3 possible, T=3515)"
CBU0,TimesFM-2.5,250,13,13,0.00660843931155594,0.004472487566008272,0.007071623757684405,False,
CBU0,TimesFM-2.5,500,6,6,0.006075986128731653,0.003162526286696966,0.007071623757684405,False,
CBU0,TimesFM-2.5,750,0,4,,,0.007071623757684405,True,"<5 non-overlapping windows (4 possible, T=3253)"
CBU0,TimesFM-2.5,1000,0,3,,,0.007071623757684405,True,"<5 non-overlapping windows (3 possible, T=3253)"
NATGAS,GJR-GARCH-t,250,24,24,0.022603976748042515,0.011247993965099993,0.017784640018772228,False,
NATGAS,GJR-GARCH-t,500,12,12,0.013458748904233403,0.007953532807467568,0.017784640018772228,False,
NATGAS,GJR-GARCH-t,750,8,8,0.011205470843754816,0.0064940323435937666,0.017784640018772228,False,
NATGAS,GJR-GARCH-t,1000,6,6,0.01097375227420338,0.005623996982549996,0.017784640018772228,False,
CBU0,Moirai-2.0,250,13,13,0.006142564302262459,0.0037461215732633997,0.005923138281702836,False,
CBU0,Moirai-2.0,500,6,6,0.005956140348334354,0.0026489079676037678,0.005923138281702836,False,
CBU0,Moirai-2.0,750,0,4,,,0.005923138281702836,True,"<5 non-overlapping windows (4 possible, T=3253)"
CBU0,Moirai-2.0,1000,0,3,,,0.005923138281702836,True,"<5 non-overlapping windows (3 possible, T=3253)"
BTC,Chronos-Small,250,7,14,0.030506605590759395,0.01876008330394253,0.029662296167477634,False,
BTC,Chronos-Small,500,2,7,,,0.029662296167477634,True,<5 valid windows after FZ filter (2/7)
BTC,Chronos-Small,750,0,4,,,0.029662296167477634,True,"<5 non-overlapping windows (4 possible, T=3688)"
BTC,Chronos-Small,1000,0,3,,,0.029662296167477634,True,"<5 non-overlapping windows (3 possible, T=3688)"
NATGAS,Chronos-Small,250,22,23,0.03722087869532781,0.01520784212771021,0.024045709709912776,False,
NATGAS,Chronos-Small,500,10,11,0.03204349171302786,0.010753568295718342,0.024045709709912776,False,
NATGAS,Chronos-Small,750,6,7,0.013955655473045055,0.008780251746226821,0.024045709709912776,False,
NATGAS,Chronos-Small,1000,5,5,0.0312271716429511,0.007603921063855105,0.024045709709912776,False,
NATGAS,Moirai-2.0,250,23,23,0.020722743722454202,0.020882350329964113,0.03301789497012765,False,
NATGAS,Moirai-2.0,500,11,11,0.011103276399226834,0.014766051525430762,0.03301789497012765,False,
NATGAS,Moirai-2.0,750,7,7,0.006377554873524302,0.012056430584316852,0.03301789497012765,False,
NATGAS,Moirai-2.0,1000,5,5,0.009686505455387445,0.010441175164982056,0.03301789497012765,False,
ETH,Chronos-Small,250,8,10,0.03453375845477875,0.019760275328971025,0.031243738615790724,False,
ETH,Chronos-Small,500,3,5,,,0.031243738615790724,True,<5 valid windows after FZ filter (3/5)
ETH,Chronos-Small,750,0,3,,,0.031243738615790724,True,"<5 non-overlapping windows (3 possible, T=2538)"
ETH,Chronos-Small,1000,0,2,,,0.031243738615790724,True,"<5 non-overlapping windows (2 possible, T=2538)"
ETH,GJR-GARCH-t,250,11,11,0.03132524022378049,0.018976007448260866,0.03000370221641206,False,
ETH,GJR-GARCH-t,500,5,5,0.026744896365819573,0.013418063546511693,0.03000370221641206,False,
ETH,GJR-GARCH-t,750,0,3,,,0.03000370221641206,True,"<5 non-overlapping windows (3 possible, T=2800)"
ETH,GJR-GARCH-t,1000,0,2,,,0.03000370221641206,True,"<5 non-overlapping windows (2 possible, T=2800)"
BTC,TimesFM-2.5,250,14,14,0.03712567035968817,0.03620428652490359,0.057244003240018854,False,
BTC,TimesFM-2.5,500,7,7,0.03237689242135227,0.02560029650978007,0.057244003240018854,False,
BTC,TimesFM-2.5,750,0,4,,,0.057244003240018854,True,"<5 non-overlapping windows (4 possible, T=3688)"
BTC,TimesFM-2.5,1000,0,3,,,0.057244003240018854,True,"<5 non-overlapping windows (3 possible, T=3688)"
ETH,TimesFM-2.5,250,10,10,0.03485475303863955,0.022093322520025594,0.03493261012198595,False,
ETH,TimesFM-2.5,500,5,5,0.028129625349076075,0.01562233817285156,0.03493261012198595,False,
ETH,TimesFM-2.5,750,0,3,,,0.03493261012198595,True,"<5 non-overlapping windows (3 possible, T=2538)"
ETH,TimesFM-2.5,1000,0,2,,,0.03493261012198595,True,"<5 non-overlapping windows (2 possible, T=2538)"
BTC,Moirai-2.0,250,14,14,0.040429180973287515,0.03142373108215946,0.049685281400125805,False,
BTC,Moirai-2.0,500,7,7,0.03320629600905103,0.022219933338377445,0.049685281400125805,False,
BTC,Moirai-2.0,750,0,4,,,0.049685281400125805,True,"<5 non-overlapping windows (4 possible, T=3688)"
BTC,Moirai-2.0,1000,0,3,,,0.049685281400125805,True,"<5 non-overlapping windows (3 possible, T=3688)"
BTC,GJR-GARCH-t,250,15,15,0.04286584936124721,0.045562566411346206,0.07204074295126914,False,
BTC,GJR-GARCH-t,500,7,7,0.03525991916113443,0.03221759967772532,0.07204074295126914,False,
BTC,GJR-GARCH-t,750,5,5,0.028705248609604092,0.026305559982560935,0.07204074295126914,False,
BTC,GJR-GARCH-t,1000,0,3,,,0.07204074295126914,True,"<5 non-overlapping windows (3 possible, T=3950)"
ETH,Moirai-2.0,250,10,10,0.026953823164427574,0.022739635222506018,0.0359545202322544,False,
ETH,Moirai-2.0,500,5,5,0.02406055482961034,0.016079350267542473,0.0359545202322544,False,
ETH,Moirai-2.0,750,0,3,,,0.0359545202322544,True,"<5 non-overlapping windows (3 possible, T=2538)"
ETH,Moirai-2.0,1000,0,2,,,0.0359545202322544,True,"<5 non-overlapping windows (2 possible, T=2538)"
EURUSD,Chronos-Small,250,17,21,0.0047917125604671346,0.003626404870057118,0.00573384955365372,False,
EURUSD,Chronos-Small,500,7,10,0.00383415446349304,0.002564255474945309,0.00573384955365372,False,
EURUSD,Chronos-Small,750,4,7,,,0.00573384955365372,True,<5 valid windows after FZ filter (4/7)
EURUSD,Chronos-Small,1000,2,5,,,0.00573384955365372,True,<5 valid windows after FZ filter (2/5)
EURUSD,GJR-GARCH-t,250,22,22,0.007393220785688247,0.006211396177700623,0.009821079685598972,False,
EURUSD,GJR-GARCH-t,500,11,11,0.004480447957783,0.004392120357888312,0.009821079685598972,False,
EURUSD,GJR-GARCH-t,750,7,7,0.004788871172835553,0.0035861512552388675,0.009821079685598972,False,
EURUSD,GJR-GARCH-t,1000,5,5,0.0026460200923633342,0.0031056980888503117,0.009821079685598972,False,
GBPUSD,Chronos-Small,250,19,21,0.008806443311816282,0.0027566724768083002,0.0043586818949059615,False,
GBPUSD,Chronos-Small,500,8,10,0.00694463042991035,0.0019492618018614647,0.0043586818949059615,False,
GBPUSD,Chronos-Small,750,5,7,0.005585579790344852,0.0015915655965529046,0.0043586818949059615,False,
GBPUSD,Chronos-Small,1000,3,5,,,0.0043586818949059615,True,<5 valid windows after FZ filter (3/5)
EURUSD,TimesFM-2.5,250,21,21,0.008756773089852165,0.009099900657906916,0.014388206280125288,False,
EURUSD,TimesFM-2.5,500,10,10,0.008941265955237403,0.006434601463329905,0.014388206280125288,False,
EURUSD,TimesFM-2.5,750,7,7,0.0033781011103812112,0.0052538300944414106,0.014388206280125288,False,
EURUSD,TimesFM-2.5,1000,5,5,0.003011059220101621,0.004549950328953458,0.014388206280125288,False,
EURUSD,Moirai-2.0,250,21,21,0.009922055245865926,0.010129806908984174,0.01601663104504998,False,
EURUSD,Moirai-2.0,500,10,10,0.01124428857193339,0.007162855157453051,0.01601663104504998,False,
EURUSD,Moirai-2.0,750,7,7,0.004730135861338297,0.005848446745740945,0.01601663104504998,False,
EURUSD,Moirai-2.0,1000,5,5,0.004385749175408837,0.005064903454492087,0.01601663104504998,False,
GBPUSD,TimesFM-2.5,250,21,21,0.007785796573488427,0.005214697391370704,0.008245160532634951,False,
GBPUSD,TimesFM-2.5,500,10,10,0.005210169866207231,0.0036873478872740248,0.008245160532634951,False,
GBPUSD,TimesFM-2.5,750,7,7,0.003997072470339455,0.0030107069426503156,0.008245160532634951,False,
GBPUSD,TimesFM-2.5,1000,5,5,0.0023099137918390247,0.002607348695685352,0.008245160532634951,False,
GBPUSD,Moirai-2.0,250,21,21,0.007675606486912353,0.0052934113966704634,0.008369618302885854,False,
GBPUSD,Moirai-2.0,500,10,10,0.0052455724252651855,0.0037430070941958386,0.008369618302885854,False,
GBPUSD,Moirai-2.0,750,7,7,0.004096958218321013,0.003056152494799125,0.008369618302885854,False,
GBPUSD,Moirai-2.0,1000,5,5,0.002875368990669172,0.0026467056983352317,0.008369618302885854,False,
GBPUSD,GJR-GARCH-t,250,22,22,0.006798482536768623,0.007710720828252644,0.012191720109489181,False,
GBPUSD,GJR-GARCH-t,500,11,11,0.004438939986292497,0.005452302985493798,0.012191720109489181,False,
GBPUSD,GJR-GARCH-t,750,7,7,0.0028567026247049553,0.004451786745837719,0.012191720109489181,False,
GBPUSD,GJR-GARCH-t,1000,5,5,0.003183187185975431,0.003855360414126322,0.012191720109489181,False,
USDJPY,Chronos-Small,250,14,25,0.026381358497461052,0.0037520342296266792,0.005932487012267762,False,
USDJPY,Chronos-Small,500,4,12,,,0.005932487012267762,True,<5 valid windows after FZ filter (4/12)
USDJPY,Chronos-Small,750,0,8,,,0.005932487012267762,True,<5 valid windows after FZ filter (0/8)
USDJPY,Chronos-Small,1000,0,6,,,0.005932487012267762,True,<5 valid windows after FZ filter (0/6)
AUDUSD,Chronos-Small,250,14,18,0.005694456953705894,0.0038325543053598717,0.006059800430610832,False,
AUDUSD,Chronos-Small,500,6,9,0.0034012808626661104,0.0027100251385856634,0.006059800430610832,False,
AUDUSD,Chronos-Small,750,4,6,,,0.006059800430610832,True,<5 valid windows after FZ filter (4/6)
AUDUSD,Chronos-Small,1000,0,4,,,0.006059800430610832,True,"<5 non-overlapping windows (4 possible, T=4647)"
AUDUSD,TimesFM-2.5,250,18,18,0.006215812234277093,0.0047904588835563046,0.007574380554712629,False,
AUDUSD,TimesFM-2.5,500,9,9,0.0031321236081979418,0.0033873659615580006,0.007574380554712629,False,
AUDUSD,TimesFM-2.5,750,6,6,0.0023623456270576203,0.0027657727259630662,0.007574380554712629,False,
AUDUSD,TimesFM-2.5,1000,0,4,,,0.007574380554712629,True,"<5 non-overlapping windows (4 possible, T=4647)"
AUDUSD,GJR-GARCH-t,250,19,19,0.004932535638280996,0.005963740701779387,0.009429501996136925,False,
AUDUSD,GJR-GARCH-t,500,9,9,0.003203850346958896,0.004217001491466425,0.009429501996136925,False,
AUDUSD,GJR-GARCH-t,750,6,6,0.002087666075803426,0.003443167299549457,0.009429501996136925,False,
AUDUSD,GJR-GARCH-t,1000,0,4,,,0.009429501996136925,True,"<5 non-overlapping windows (4 possible, T=4909)"
AUDUSD,Moirai-2.0,250,18,18,0.00805109415474289,0.005614920372362282,0.008877968628572782,False,
AUDUSD,Moirai-2.0,500,9,9,0.005695502268225634,0.003970348271119865,0.008877968628572782,False,
AUDUSD,Moirai-2.0,750,6,6,0.004059233699174438,0.0032417757884616776,0.008877968628572782,False,
AUDUSD,Moirai-2.0,1000,0,4,,,0.008877968628572782,True,"<5 non-overlapping windows (4 possible, T=4647)"
USDJPY,TimesFM-2.5,250,25,25,0.0045957358160030265,0.007609523291086027,0.012031712753966153,False,
USDJPY,TimesFM-2.5,500,12,12,0.0048318554725248685,0.005380745520723904,0.012031712753966153,False,
USDJPY,TimesFM-2.5,750,8,8,0.0038392214995050422,0.004393360320513244,0.012031712753966153,False,
USDJPY,TimesFM-2.5,1000,6,6,0.0032455865065526856,0.0038047616455430134,0.012031712753966153,False,
USDJPY,Moirai-2.0,250,25,25,0.006873357848794837,0.00821246247551517,0.012985043310646363,False,
USDJPY,Moirai-2.0,500,12,12,0.0065947770186341684,0.005807087906676837,0.012985043310646363,False,
USDJPY,Moirai-2.0,750,8,8,0.005141372252150274,0.004741467420948383,0.012985043310646363,False,
USDJPY,Moirai-2.0,1000,6,6,0.0034770303146079715,0.004106231237757585,0.012985043310646363,False,
USDJPY,GJR-GARCH-t,250,26,26,0.003955273743435263,0.0034361335158788454,0.005433004127309751,False,
USDJPY,GJR-GARCH-t,500,13,13,0.0033594125131354196,0.002429713310140305,0.005433004127309751,False,
USDJPY,GJR-GARCH-t,750,8,8,0.00250435702474344,0.0019838526103641467,0.005433004127309751,False,
USDJPY,GJR-GARCH-t,1000,6,6,0.0017438875255958173,0.0017180667579394227,0.005433004127309751,False,
