asset,forecaster,alpha,n_windows,r_hat_mean,raw_sd,detrended_sd,sigma_tail,bound,med_bound_w,ratio_raw,ratio_detrended,ratio_detrended_w,kupiec_p,n_alpha
SP500,GJR-GARCH-t,0.01,290,0.0067226000626485,0.0071961840905212,0.0027533858766532,0.0074227226914557,0.0046945420289631,0.0035835787574447,1.5328830897932495,0.586507876522605,0.7683341327250678,6.54840857094996e-08,2.5
SP500,GJR-GARCH-t,0.025,290,0.004643965311391,0.0042690125872539,0.0017196046265524,0.0069811901468543,0.0027924760587417,0.0014134507185174,1.5287553044152475,0.6157992370854025,1.2166003412952875,3.992361996552063e-13,6.25
SP500,GJR-GARCH-t,0.05,290,0.0033989987345875,0.002643439760003,0.0011467298488471,0.0065928042662285,0.0018647266414743,0.0010103093634365,1.417601755243345,0.6149586879610823,1.1350284282693082,0.0,12.5
SP500,TimesFM-2.5,0.01,278,-0.0038851665211775,0.0091903066092165,0.0042457047621372,0.0103111405626701,0.0065213378904375,0.0025801419628465,1.409267049740286,0.6510481182646284,1.6455314565145438,2.4528920561373013e-08,2.5
SP500,TimesFM-2.5,0.025,278,-0.0031929157509875,0.0062998567286279,0.0028913542171841,0.0095903886053208,0.0038361554421283,0.0018694985654493,1.6422318708578516,0.7537114334397342,1.546593439877367,9.841349957184775e-12,6.25
SP500,TimesFM-2.5,0.05,278,-0.0026424023068072,0.0045146686799075,0.0021605247865112,0.009163899952943,0.0025919423195364,0.0014848752418316,1.7418090849780157,0.8335543465711271,1.455021085708338,1.9984014443252818e-15,12.5
SP500,Chronos-Small,0.01,47,-0.0280685421826452,0.0092805912059091,0.0082384644859031,0.0098585562793938,0.0062350984567679,0.004335035838134,1.4884434095560115,1.321304634245279,1.9004374573865652,0.0,2.5
SP500,Chronos-Small,0.025,47,-0.0228355077498999,0.0080603928408321,0.0068160651389318,0.009840381856312,0.0039361527425248,0.0027450609748536,2.047784567339187,1.7316566670021227,2.483028683650756,0.0,6.25
SP500,Chronos-Small,0.05,47,-0.0186606905468131,0.0071022587321898,0.0055483351049092,0.0098196427999327,0.0027774144050648,0.0019459602775497,2.55714765475337,1.9976619602719,2.8512067635293152,0.0,12.5
SP500,Moirai-2.0,0.01,278,-0.0053927505644696,0.0105062751016399,0.0036499715809061,0.0106583256329397,0.006740917008769,0.003110937401123,1.558582472974024,0.5414651413387835,1.173270660987448,1.105782132526656e-12,2.5
SP500,Moirai-2.0,0.025,278,-0.0041736083863953,0.0073142996217098,0.002678288731545,0.0100292381732619,0.0040116952693047,0.0018364673563631,1.8232440728174744,0.6676201834266504,1.4583916900374352,1.5214496329463145e-12,6.25
SP500,Moirai-2.0,0.05,278,-0.0031743954715094,0.0053533248272972,0.0020133999007236,0.0096253741211567,0.0027224669250109,0.0014849766344804,1.966350730698293,0.7395498113225102,1.3558461823394343,1.4432899320127037e-15,12.5
STOXX,GJR-GARCH-t,0.01,239,0.0062503319188932,0.0057067687960393,0.0025460883381224,0.007894055790061,0.0049926392546065,0.0017031320165455,1.1430364793077743,0.5099684171599664,1.4949447919408416,7.270680004056729e-06,2.5
STOXX,GJR-GARCH-t,0.025,239,0.0042862081339971,0.0035984934453014,0.0016031958294431,0.0074534541595157,0.0029813816638063,0.00208243825158,1.2069885211232196,0.5377358588153138,0.7698647622452722,4.4876380389524684e-10,6.25
STOXX,GJR-GARCH-t,0.05,239,0.003235154932146,0.0023935839830361,0.00109076374065,0.0074091604816828,0.0020956270477989,0.0014679138930353,1.142180325239743,0.5204951624363457,0.7430706568180409,1.7619239400801234e-13,12.5
STOXX,TimesFM-2.5,0.01,226,-0.0032589129993429,0.010388331418421,0.0053043844007048,0.0115525504777357,0.0073064744587422,0.0042721709675229,1.4217980884051744,0.725984115958696,1.2416133251755934,1.255674731337475e-05,2.5
STOXX,TimesFM-2.5,0.025,226,-0.0022421669201031,0.0068673838991378,0.0036531315847677,0.0101944114655953,0.0040777645862381,0.0021527405129913,1.6841050418443175,0.8958662295259735,1.6969679172764898,5.448735136415195e-07,6.25
STOXX,TimesFM-2.5,0.05,226,-0.0016530010099615,0.0050023925939522,0.0025846988803782,0.0093650505359741,0.0026488362960568,0.0017745974084845,1.8885246330243448,0.975786568700368,1.4564987348795382,2.5566215811068105e-12,12.5
STOXX,Chronos-Small,0.01,46,-0.0240427556764346,0.0087338973036445,0.003876599838801,0.0093255884853762,0.0058980200270457,0.00344923368737,1.480818522757586,0.6572713929462088,1.1239017678030565,0.0,2.5
STOXX,Chronos-Small,0.025,43,-0.0203241056403421,0.0078108341851947,0.0027197430334405,0.0093243097377569,0.0037297238951027,0.0021693243472329,2.0942124416905425,0.7292076062283442,1.2537281651356684,0.0,6.25
STOXX,Chronos-Small,0.05,43,-0.0173032189895341,0.0065964149991904,0.0021805073119127,0.0093384959027511,0.0026413255115672,0.001535794862639,2.4973881372449345,0.8255352482545599,1.4197907317946183,0.0,12.5
STOXX,Moirai-2.0,0.01,226,-0.0069350734581746,0.010196894688416,0.0044643022973372,0.0110952233781533,0.0070172354046624,0.0033870558313467,1.4531213648099874,0.63619104104318,1.318048039250113,4.3298697960381105e-15,2.5
STOXX,Moirai-2.0,0.025,226,-0.0049072329305809,0.0067959220551653,0.0030049159316018,0.0100133962412764,0.0040053584965105,0.0022440868902022,1.6967075634018447,0.7502239647761063,1.339037247051984,1.1102230246251563e-16,6.25
STOXX,Moirai-2.0,0.05,226,-0.0035099465684307,0.005084519015299,0.0021265376015104,0.0095205919718482,0.0026928300576816,0.0017124341997512,1.8881692889585793,0.7897036039999165,1.241821497035826,9.992007221626409e-16,12.5
GDAXI,GJR-GARCH-t,0.01,294,0.0102821269469753,0.0075228481701283,0.0028061884619483,0.0082685765345147,0.0052295069712977,0.0032712732600546,1.4385387019116125,0.5366066968358891,0.8578275915419571,2.2983622782746242e-09,2.5
GDAXI,GJR-GARCH-t,0.025,294,0.0067974766980085,0.0050170348982071,0.0018110890752866,0.0080687689245855,0.0032275075698342,0.0016451969802884,1.5544610786040298,0.5611416971454937,1.1008341839827147,4.6629367034256575e-15,6.25
GDAXI,GJR-GARCH-t,0.05,294,0.0048748638680802,0.0033879711145542,0.0013619208450966,0.0080726890960432,0.0022833012808891,0.0014622550483357,1.4838037988726935,0.5964700569721869,0.9313839241975386,0.0,12.5
GDAXI,TimesFM-2.5,0.01,281,-0.0029974846578469,0.0116173580646505,0.0054037811835153,0.0110217533070449,0.006970768851751,0.0031195783014578,1.6665820244107352,0.7752059060397539,1.7322152744138957,1.2218865586000051e-08,2.5
GDAXI,TimesFM-2.5,0.025,281,-0.0023275488528422,0.007228231051359,0.0033852512907946,0.009664299108474,0.0038657196433896,0.0020156663953453,1.869828057427626,0.8757105023338783,1.6794700247084458,5.2035932229799195e-09,6.25
GDAXI,TimesFM-2.5,0.05,281,-0.0021317693172733,0.0052396581484515,0.0026006333003601,0.0090527598755314,0.0025605071585767,0.0015931739929,2.046336067017321,1.0156711695372669,1.632359875286583,4.440892098500626e-16,12.5
GDAXI,Chronos-Small,0.01,81,-0.0369564707843005,0.0111439646354425,0.0063878656888583,0.0103481743915525,0.0065447601403866,0.0051505604529486,1.7027307947735173,0.976027471112334,1.2402273009340825,0.0,2.5
GDAXI,Chronos-Small,0.025,81,-0.0324986559752867,0.0105860490340006,0.0059052523766952,0.0103500319597977,0.0041400127839191,0.0032957099804313,2.557008779083889,1.426385058430939,1.7917997675033384,0.0,6.25
GDAXI,Chronos-Small,0.05,69,-0.0282673156401768,0.0105965318612795,0.0056211897676828,0.0103486220482398,0.0029270323304988,0.0023042676893599,3.620230549169836,1.9204399312955032,2.4394690745519516,0.0,12.5
GDAXI,Moirai-2.0,0.01,281,-0.0052918879153529,0.0120302809735784,0.0045074337137356,0.0114434357669726,0.0072374642562939,0.0033792275377367,1.662223196904439,0.6227918445076707,1.333865110709442,1.0371703496048212e-12,2.5
GDAXI,Moirai-2.0,0.025,281,-0.0040128762406336,0.0078591022677986,0.0028059603259176,0.0104103839238929,0.0041641535695571,0.0021740461166598,1.8873228704277616,0.6738368984350368,1.2906627437271556,3.563471739909119e-11,6.25
GDAXI,Moirai-2.0,0.05,281,-0.0031548520996469,0.0060853345815067,0.0021759685022804,0.0097517549705395,0.0027582128272552,0.0016835861516739,2.206259981599146,0.7889052218083596,1.2924604423224697,0.0,12.5
FCHI,GJR-GARCH-t,0.01,296,0.0081484678007211,0.008328381651171,0.0033318365797087,0.0098363635766546,0.0062210625591497,0.0014675305262121,1.338739415009084,0.535573553236243,2.270369522267247,3.36515904031387e-08,2.5
FCHI,GJR-GARCH-t,0.025,296,0.0057548791566478,0.0052498951031848,0.0020772657299156,0.0090529535255246,0.0036211814102098,0.0019171774588918,1.4497741229928005,0.5736431000277611,1.0835020619929487,9.85878045867139e-14,6.25
FCHI,GJR-GARCH-t,0.05,296,0.004359148055582,0.0034752215820679,0.0013733666687073,0.0085444308955461,0.0024167300110482,0.0016350538234905,1.4379850319153584,0.568274760701001,0.8399519630341559,0.0,12.5
FCHI,TimesFM-2.5,0.01,283,-0.0040676888208575,0.0109226486787285,0.0058347609990754,0.0119480676662561,0.0075566214926364,0.0036049927268365,1.4454407554185646,0.7721388460122297,1.6185222665332906,4.4876624687439914e-06,2.5
FCHI,TimesFM-2.5,0.025,283,-0.002847642512809,0.0071744968990437,0.0037063776870656,0.0106457682569116,0.0042583073027646,0.0022663282181132,1.6848236608912055,0.8703875562619362,1.6354108188933467,1.4483950304677862e-06,6.25
FCHI,TimesFM-2.5,0.05,283,-0.0020970571969921,0.0052872980648955,0.0026607728993399,0.01009595610307,0.002855567609217,0.0018588162901712,1.8515751641913611,0.9317842416868956,1.431434033265748,8.840606025017904e-11,12.5
FCHI,Chronos-Small,0.01,136,-0.0343849060727298,0.0162256872011532,0.0062887225750728,0.0101980037578237,0.0064497838923358,0.0043802974351762,2.5156947072961486,0.9750284164630064,1.4356839160214994,0.0,2.5
FCHI,Chronos-Small,0.025,125,-0.0302712307044081,0.014541116109088,0.0051557209888532,0.0101891591712228,0.0040756636684891,0.0028027038835666,3.5677909886216024,1.2650015821262433,1.8395525189383055,0.0,6.25
FCHI,Chronos-Small,0.05,121,-0.0249178026679692,0.0116324461648366,0.0043485150949268,0.0102005360809146,0.0028851472938211,0.0019865315002739,4.03183788562507,1.5072073111274873,2.188998812416088,0.0,12.5
FCHI,Moirai-2.0,0.01,283,-0.0060536666466801,0.0113740709013478,0.0047695728736839,0.0119186214192741,0.007537998050835,0.0032187115679291,1.5088980953089923,0.6327373450508704,1.481826741236291,8.559819519859958e-14,2.5
FCHI,Moirai-2.0,0.025,283,-0.0044202662919732,0.00756746301743,0.0031295965826208,0.0108241767530369,0.0043296707012147,0.0022194890002858,1.7478149124151403,0.7228255446176994,1.4100527563857157,6.671663221879953e-12,6.25
FCHI,Moirai-2.0,0.05,283,-0.0032719714152882,0.0060181417987806,0.0023537409638692,0.0103483010627003,0.0029269415420781,0.0019319244514878,2.0561195747379792,0.8041639814227644,1.2183400660706525,1.2989609388114332e-14,12.5
FTSE100,GJR-GARCH-t,0.01,292,0.0073526848995384,0.0057240828850267,0.0024234406170171,0.005753183741188,0.0036386328839205,0.0026793875496428,1.5731410855769383,0.6660305379326802,0.9044755833623902,3.185827187612844e-07,2.5
FTSE100,GJR-GARCH-t,0.025,292,0.0048930890780934,0.0035166586443247,0.0014569330308799,0.0065058641685431,0.0026023456674172,0.0015727339389731,1.351341863748238,0.5598537692826495,0.92636967688964,8.110989657694745e-11,6.25
FTSE100,GJR-GARCH-t,0.05,292,0.0034596703120664,0.0023871369793834,0.0009801870462505,0.0067994712923482,0.001923180903721,0.0012155054782787,1.2412441152907885,0.5096697062424353,0.8064028206920313,2.1760371282653068e-14,12.5
FTSE100,TimesFM-2.5,0.01,279,-0.0029678683918635,0.010169939028258,0.0051538998418121,0.0100813941342972,0.0063760334908481,0.0034185220093862,1.5950259738841586,0.8083238347492773,1.5076398009610623,3.1331957961455714e-07,2.5
FTSE100,TimesFM-2.5,0.025,279,-0.0022207477687647,0.0069775155537171,0.0032840343948621,0.0094172255738982,0.0037668902295592,0.0021888792342003,1.852327816447543,0.871815793593329,1.5003268995157626,6.312687707343834e-06,6.25
FTSE100,TimesFM-2.5,0.05,279,-0.0016212045894339,0.0050242076462576,0.0022749200557419,0.0087879151506055,0.002485597758194,0.0015454778628768,2.021327718732738,0.9152406290367798,1.47198488596092,3.895495037653518e-11,12.5
FTSE100,Chronos-Small,0.01,80,-0.0433626767228386,0.025060846037042,0.012284579736777,0.0086873969820323,0.005494392280259,0.0049492623718199,4.561167961574945,2.2358395815520375,2.482103152728935,0.0,2.5
FTSE100,Chronos-Small,0.025,80,-0.0345870219079587,0.0182716651791654,0.0083347656024158,0.0086810995918641,0.0034724398367456,0.0031416117421034,5.261909792018007,2.4002620619129487,2.6530221703447423,0.0,6.25
FTSE100,Chronos-Small,0.05,68,-0.0300726219259179,0.015947727107483,0.0072357631946043,0.0086842365500208,0.0024562730215791,0.0025695904908793,6.49265247282258,2.94583017890762,2.815920754800232,0.0,12.5
FTSE100,Moirai-2.0,0.01,279,-0.0048174678714789,0.008563949735122,0.0036010670875326,0.0097835804495328,0.0061876795784035,0.003977809272973,1.3840325160036226,0.5819737499176888,0.9052890273045116,3.8427794279982663e-10,2.5
FTSE100,Moirai-2.0,0.025,279,-0.0035735178817987,0.0062279458776741,0.0024199309268752,0.0091284327666799,0.0036513731066719,0.0022668041339016,1.7056448891224203,0.6627454538823724,1.0675518412391307,5.524469770534779e-13,6.25
FTSE100,Moirai-2.0,0.05,279,-0.0026567355129254,0.0050081778292459,0.0018493366940687,0.0088425769435637,0.002501058447983,0.0015667597481045,2.0024233473170776,0.7394216218977598,1.1803575476750936,6.283862319378386e-14,12.5
NIKKEI,GJR-GARCH-t,0.01,282,0.0123899161849849,0.0079345569073815,0.0033754460708,0.0106111432692137,0.0067110762618161,0.0116237924485246,1.182307665392904,0.5029664302885752,0.290391116819062,4.449879822399083e-07,2.5
NIKKEI,GJR-GARCH-t,0.025,282,0.0082252993058566,0.0055662298266546,0.0023323853077452,0.0115616952431328,0.0046246780972531,0.0029480092277964,1.2035929224913595,0.5043346279886212,0.7911730010047034,9.281464485866309e-13,6.25
NIKKEI,GJR-GARCH-t,0.05,282,0.0059702124493771,0.0040686355322678,0.0017207405090783,0.0108139944760033,0.0030586595302783,0.001712015891575,1.3302021660114656,0.562579944594796,1.0050961077792793,0.0,12.5
NIKKEI,TimesFM-2.5,0.01,270,-0.005584382609905,0.015562231630007,0.007065776086674,0.0161037316182503,0.010184894148348,0.0052011368027446,1.5279718574719918,0.6937505666487505,1.3585061025400125,0.0002513396680462,2.5
NIKKEI,TimesFM-2.5,0.025,270,-0.0033137576090756,0.0092012024820007,0.004304000519587,0.0140025409958249,0.0056010163983299,0.0029307383924453,1.642773708847596,0.7684320511666984,1.468572060434162,6.618511381062397e-05,6.25
NIKKEI,TimesFM-2.5,0.05,270,-0.0021430560906086,0.006071206403661,0.0028680316060616,0.0128078973196217,0.0036226204189782,0.0022825489994264,1.6759156912645596,0.7917008337491276,1.2565038502053385,5.073785613873838e-09,12.5
NIKKEI,Chronos-Small,0.01,151,-0.0457377564759873,0.0230024804301781,0.0103838103947017,0.0110569362751622,0.0069930205145701,0.005160755193578,3.289348341285677,1.48488201529893,2.0120718780893028,0.0,2.5
NIKKEI,Chronos-Small,0.025,131,-0.0359819387030468,0.0177819800797127,0.0064808042438687,0.0110500269806848,0.0044200107922739,0.0032285790692988,4.02306259314915,1.4662417239335697,2.0073239975739847,0.0,6.25
NIKKEI,Chronos-Small,0.05,100,-0.03071190650205,0.0146165104610743,0.0055561702925879,0.0110336842770743,0.0031207971895162,0.0022947402851943,4.683582294349605,1.780368910627347,2.4212632376902543,0.0,12.5
NIKKEI,Moirai-2.0,0.01,270,-0.0074240224883358,0.0127899647666921,0.0060113351265806,0.0137206761724958,0.0086777175485376,0.0046946155471023,1.4738858110042392,0.6927322873736178,1.280474421444593,5.84321480090466e-11,2.5
NIKKEI,Moirai-2.0,0.025,270,-0.0047456960455565,0.0076912928271051,0.0034478565930032,0.0125716494163014,0.0050286597665205,0.0027463575280682,1.5294915910421334,0.6856412549439447,1.255428893640263,5.286131532500349e-10,6.25
NIKKEI,Moirai-2.0,0.05,270,-0.0033444069085071,0.005729179048945,0.0023934613037234,0.0120137490037545,0.0033980013552111,0.0022480429254414,1.686043779870407,0.704373263434069,1.0646866555065635,1.6049706008658404e-10,12.5
HSI,GJR-GARCH-t,0.01,284,0.0108371404977977,0.0132792739355536,0.0057059934419132,0.0229318516317796,0.0145033764242945,0.0042171267390093,0.9155987921067552,0.3934251773507807,1.3530523968206716,3.2562985641249043e-10,2.5
HSI,GJR-GARCH-t,0.025,284,0.0081109255943081,0.0068892111914554,0.0028668201547275,0.0159014735336729,0.0063605894134691,0.0020059558302845,1.0831089296326548,0.4507161158141729,1.4291541774979633,6.661338147750939e-16,6.25
HSI,GJR-GARCH-t,0.05,284,0.0059313941328741,0.0044866875434457,0.0017968157816928,0.0117681728644407,0.0033285419338486,0.0014596924655099,1.3479438242371806,0.539820683471253,1.230955029328809,0.0,12.5
HSI,TimesFM-2.5,0.01,272,-0.0040389571657549,0.0138916250788268,0.0056783949265839,0.0137427692818998,0.0086916904578,0.0034521424665037,1.59826504939097,0.6533130642599086,1.6448900883093995,2.929992749534094e-07,2.5
HSI,TimesFM-2.5,0.025,272,-0.0025077008067556,0.0081996019536132,0.0032939464999765,0.0119487125008573,0.0047794850003429,0.0024171165421269,1.715582736011282,0.6891843995200794,1.362758659985048,5.937398391275828e-06,6.25
HSI,TimesFM-2.5,0.05,272,-0.001810270238395,0.0060768841330897,0.002272527941454,0.0113007138618373,0.0031963245615816,0.0018924017540401,1.9012099728954848,0.710981597040798,1.2008697078209534,2.85498539254192e-08,12.5
HSI,Chronos-Small,0.01,138,-0.0383233350177967,0.0188020416051837,0.0072271157999358,0.0105707812741595,0.0066855490947601,0.0048404671082322,2.8123406677126854,1.0810055685029791,1.4930616484604495,0.0,2.5
HSI,Chronos-Small,0.025,138,-0.0298794237178636,0.0100474599926464,0.0047443690333158,0.0105901685836496,0.0042360674334598,0.0030582806328468,2.371883864096088,1.1199937460487424,1.551319058937848,0.0,6.25
HSI,Chronos-Small,0.05,137,-0.0245432150130267,0.0068789910337838,0.0034773295688592,0.0106005054846014,0.0029982757248667,0.0021661495735657,2.294315688424401,1.1597764475159438,1.6053044587937038,0.0,12.5
HSI,Moirai-2.0,0.01,272,-0.0044873806961188,0.0135573691963535,0.0053426816823499,0.0136564678324062,0.0086371086286452,0.0038165344891983,1.5696652409106069,0.6185729405591577,1.3998777418286124,1.5290489208119595e-08,2.5
HSI,Moirai-2.0,0.025,272,-0.0026738678003949,0.0078265716821006,0.0029991092592891,0.0124189037740797,0.0049675615096318,0.0026048764415345,1.575535937889303,0.6037387264302567,1.1513441526318005,0.0001631928277391,6.25
HSI,Moirai-2.0,0.05,272,-0.001846436559908,0.0058792759378555,0.0020848356836753,0.0114955266490309,0.0032514259387361,0.0019081808609775,1.808214626023682,0.6412065730415275,1.0925776095497046,1.5376581563586456e-08,12.5
BOVESPA,GJR-GARCH-t,0.01,286,0.015675458128032,0.0090722137270776,0.0036693627839219,0.0121587425312984,0.0076898639764928,0.0075232442201595,1.1797625751002223,0.4771687503366572,0.4877367630960901,7.720690753387771e-11,2.5
BOVESPA,GJR-GARCH-t,0.025,286,0.0110199730862647,0.0052783722441734,0.0021275005039856,0.0115956210942124,0.0046382484376849,0.0025978136572063,1.1380098144997146,0.4586861899634462,0.8189580873454542,0.0,6.25
BOVESPA,GJR-GARCH-t,0.05,286,0.0079878351109226,0.0031326068456758,0.0013926174665865,0.0107747277760943,0.0030475532303661,0.0017850795831306,1.027908820250346,0.4569624749160616,0.7801430702289359,0.0,12.5
BOVESPA,TimesFM-2.5,0.01,273,-0.0046662212357248,0.0148435521182659,0.0071389133140624,0.0159514700637518,0.0100885954858894,0.0042750814667295,1.4713199809653492,0.7076221188615743,1.6698894207327637,0.0017642110401534,2.5
BOVESPA,TimesFM-2.5,0.025,273,-0.0029648922819949,0.0095693283277377,0.0045872324363411,0.0148049399669485,0.0059219759867794,0.0025024831481471,1.6159012378808906,0.7746117928512344,1.8330722585435075,0.0010338980923038,6.25
BOVESPA,TimesFM-2.5,0.05,273,-0.0018579751630825,0.0061219573970773,0.0030438980445976,0.0134484313376959,0.0038037907980825,0.0018388939833478,1.609435881742849,0.8002275114951212,1.6552874021894886,4.057332581020034e-09,12.5
BOVESPA,Chronos-Small,0.01,131,-0.0378078819584457,0.0107284888638323,0.006629947757276,0.0123591752623092,0.0078166287660212,0.0056692270270675,1.3725212217406215,0.8481850623501996,1.169462384487621,0.0,2.5
BOVESPA,Chronos-Small,0.025,113,-0.030627745209391,0.0071329668446192,0.0029532866555306,0.0123728251893284,0.0049491300757313,0.0034358709756991,1.441256692685563,0.5967284371878668,0.8595452729215843,0.0,6.25
BOVESPA,Chronos-Small,0.05,106,-0.0259660508533878,0.0063829163332782,0.0024281501851071,0.0123894449191377,0.0035042642069838,0.0024115802911484,1.821471200875049,0.6929129887717992,1.0068709692227786,0.0,12.5
BOVESPA,Moirai-2.0,0.01,273,-0.0058055919827446,0.0150937248685454,0.0069183859604764,0.0162597964334772,0.0102835982040941,0.00544720207575,1.4677474332414466,0.6727592641379294,1.2700806513633645,0.000819858873975,2.5
BOVESPA,Moirai-2.0,0.025,273,-0.003564114868154,0.0099471797299699,0.0043874280510339,0.0148583551163121,0.0059433420465248,0.0025193336892099,1.6736677196269143,0.7382089095140241,1.7415033466288343,0.0002418235654262,6.25
BOVESPA,Moirai-2.0,0.05,273,-0.0021228524001121,0.0064288405876666,0.0028739911061934,0.0136486308344872,0.003860415766791,0.0018736663757273,1.6653233682677924,0.74447709257556,1.5338862582074004,2.708968716014226e-09,12.5
NIFTY,GJR-GARCH-t,0.01,193,0.0100237063855313,0.0055212186449821,0.0027679227785013,0.0111554549763681,0.0070553292121566,,0.7825600307167567,0.3923166014325817,,4.751331883490195e-09,2.5
NIFTY,GJR-GARCH-t,0.025,193,0.0070166713533628,0.0033512672710319,0.0017026561837904,0.0087558427596277,0.0035023371038511,0.0026607560349525,0.9568659930955544,0.4861485725969287,0.6399144308699733,2.007727317732133e-12,6.25
NIFTY,GJR-GARCH-t,0.05,193,0.0051975576102472,0.0024505265154997,0.0011324035767858,0.008747701652417,0.0024742236632883,0.0013360917024785,0.9904223906107557,0.4576803599399745,0.8475492922267902,0.0,12.5
NIFTY,TimesFM-2.5,0.01,180,-0.0038470612366134,0.0102229929054483,0.0043769898917758,0.0141454732927674,0.0089463828372454,0.0037149428342528,1.1426956672240944,0.4892468801529142,1.178211909862717,0.0143274671448353,2.5
NIFTY,TimesFM-2.5,0.025,180,-0.0024389809919025,0.0061442274808417,0.0025580520077043,0.0120337317434839,0.0048134926973935,0.0022459732745061,1.2764592920580826,0.53143365296668,1.1389503324641208,0.0011728577082367,6.25
NIFTY,TimesFM-2.5,0.05,180,-0.0017582411413047,0.0041652970320985,0.0017175057826042,0.0103863262126643,0.0029376966786362,0.0014463632957762,1.4178785244881815,0.5846436751263148,1.1874649941821809,6.100439642331423e-08,12.5
NIFTY,Chronos-Small,0.01,13,-0.0208953367382717,0.0054805795017166,0.0054805795017166,0.008022606235421,0.0050739416949199,0.0032499084139615,1.0801423885504693,1.0801423885504693,1.6863796770924817,0.0,2.5
NIFTY,Chronos-Small,0.025,13,-0.0177861268784051,0.0041554320500033,0.0041554320500033,0.0080104240969037,0.0032041696387615,0.0020631616571891,1.2968826618085978,1.2968826618085978,2.0141088002113854,0.0,6.25
NIFTY,Chronos-Small,0.05,13,-0.0153529388781245,0.0031775546027393,0.0031775546027393,0.0079999890907485,0.0022627386141946,0.0014631934576138,1.4042959194693585,1.4042959194693585,2.1716571969377423,0.0,12.5
NIFTY,Moirai-2.0,0.01,180,-0.0059355360721758,0.0126540915961517,0.004905552789956,0.0145670825432524,0.0092130319400711,0.0037547195178281,1.3734991562456207,0.5324580248788511,1.306503126708539,0.0007245239874261,2.5
NIFTY,Moirai-2.0,0.025,180,-0.0032614850844039,0.007424200762404,0.002639478418219,0.0124016348187795,0.0049606539275118,0.0024865309749474,1.496617355471895,0.5320827569890536,1.0615103712009113,0.0003160764664109,6.25
NIFTY,Moirai-2.0,0.05,180,-0.0020384562806064,0.0048391086794102,0.0016482057014051,0.0106050759988171,0.0029995684615049,0.0014621005013657,1.6132682889266126,0.5494809411945397,1.1272861885113454,1.7052232159642244e-07,12.5
ASX200,GJR-GARCH-t,0.01,292,0.0083149903653673,0.0051095604174224,0.0016888088257947,0.005559127921995,0.0035159012075486,0.0030147360215013,1.4532718969612282,0.4803345504045553,0.5601846442772971,7.938603996393567e-09,2.5
ASX200,GJR-GARCH-t,0.025,292,0.0052122682261659,0.0033766552636943,0.0011968670829717,0.006011048014547,0.0024044192058188,0.001511983707962,1.4043538063257337,0.4977780413978176,0.7915872880568009,7.164713267115985e-12,6.25
ASX200,GJR-GARCH-t,0.05,292,0.0035819243189885,0.0023915545507437,0.0008983802220474,0.005913067024914,0.0016724679163709,0.0011221932808582,1.4299554133948438,0.5371584191563216,0.8005574773717806,8.049116928532386e-14,12.5
ASX200,TimesFM-2.5,0.01,279,-0.0043338413452791,0.008797652708645,0.0042523861020665,0.0087785154909462,0.0055520206852922,0.0035750579242059,1.5845857224470987,0.7659168333668959,1.18945935764414,6.4027672053157395e-12,2.5
ASX200,TimesFM-2.5,0.025,279,-0.0032658285620749,0.0059669960876037,0.0026658375337188,0.0084592411271977,0.0033836964508791,0.0018418752309224,1.763454900351195,0.7878477199177251,1.4473496841497022,1.3492162942441155e-10,6.25
ASX200,TimesFM-2.5,0.05,279,-0.0024623759671463,0.0044774309984633,0.0019217903763833,0.0082331202299192,0.00232867805796,0.0013500943847365,1.9227350827472096,0.8252709599827055,1.423448907061623,5.3170801095348e-12,12.5
ASX200,Chronos-Small,0.01,69,-0.0335558729489945,0.0161705308140307,0.0079300983749202,0.007770990464077,0.0049148059083864,0.0042055687270474,3.290166715726812,1.6135120130356608,1.885618542842738,0.0,2.5
ASX200,Chronos-Small,0.025,69,-0.0277510206104518,0.0122228225261704,0.0060399992152331,0.0077898718619084,0.0031159487447633,0.0026699907110316,3.922664821336357,1.938414174939135,2.2621798608802384,0.0,6.25
ASX200,Chronos-Small,0.05,59,-0.0229847202891154,0.0094494677756823,0.0052649883230777,0.0077982667560553,0.0022056829218833,0.0019089665051223,4.284146049248929,2.3870105130896335,2.7580307506445685,0.0,12.5
ASX200,Moirai-2.0,0.01,279,-0.0051582299450074,0.0097584496544664,0.0038099527066819,0.0092225649923845,0.0058328622489737,0.0033809052503493,1.673012191601712,0.6531874993880178,1.1269031293581009,0.0,2.5
ASX200,Moirai-2.0,0.025,279,-0.0037935087957496,0.0064880644545449,0.002378433403365,0.0087771675010341,0.0035108670004136,0.0018137048847771,1.847994940788284,0.6774490184575054,1.3113673692604764,3.74245079370894e-12,6.25
ASX200,Moirai-2.0,0.05,279,-0.002866133794572,0.0049540866723075,0.0017278883550653,0.0083186161940236,0.0023528599683529,0.0013890745057504,2.105559505853446,0.7343778968176075,1.2439133739136026,6.661338147750939e-16,12.5
ICLN,GJR-GARCH-t,0.01,189,0.0103803296661683,0.0124921223605581,0.0058940675880654,0.0137244831889267,0.0086801253171399,0.0003583783583898,1.4391638258828978,0.6790302412370606,16.44649418716929,4.954294780390445e-05,2.5
ICLN,GJR-GARCH-t,0.025,189,0.0080138389903872,0.0070764840846916,0.0031856150021875,0.0133252703494926,0.005330108139797,0.0022585644569621,1.3276436235609006,0.5976642346901498,1.410460078908822,1.687644468617577e-10,6.25
ICLN,GJR-GARCH-t,0.05,189,0.0062630089901331,0.0047619427997056,0.0021554709622545,0.0114591057464865,0.0032411245518697,0.0019721560075635,1.469225487480445,0.6650379915239766,1.0929515484514778,1.695310558602614e-13,12.5
ICLN,TimesFM-2.5,0.01,177,-0.0038746528214742,0.0172465754920321,0.0060384460659725,0.0163772267636632,0.0103578676660487,0.003497291165488,1.6650700750467484,0.5829815808291837,1.7266066164468212,0.0068401459017923,2.5
ICLN,TimesFM-2.5,0.025,177,-0.0025376034589779,0.0114733413107127,0.0036782770057462,0.0148431430477843,0.0059372572191137,0.0024922212874209,1.9324312367294352,0.6195246171758928,1.475903052554641,0.0011917497600283,6.25
ICLN,TimesFM-2.5,0.05,177,-0.0016694102444837,0.0077286054257336,0.0025683336532494,0.0140003275465708,0.0039598906188052,0.0019374966678144,1.9517219463161664,0.6485870193112423,1.3255938427737468,4.607650674781638e-06,12.5
ICLN,Chronos-Small,0.01,91,-0.0394444634979673,0.0170784769437,0.0130551767372335,0.0122892156725249,0.0077723824364433,0.0054173259176658,2.19732843608184,1.679687900587609,2.4098931715850465,0.0,2.5
ICLN,Chronos-Small,0.025,91,-0.0326248000425589,0.0120768461223853,0.009222212435866,0.0123015823991399,0.0049206329596559,0.0034506105753483,2.454327770716244,1.874192306452956,2.672632055831205,0.0,6.25
ICLN,Chronos-Small,0.05,91,-0.0269695605689228,0.0080477513542825,0.0058179756942956,0.0122945078678701,0.0034774119538889,0.0024441989593607,2.314293348328319,1.6730763485727254,2.380320011189764,0.0,12.5
ICLN,Moirai-2.0,0.01,177,-0.0078482907875991,0.017372011341984,0.0066903042654671,0.0168060236286725,0.0106290626154426,0.0034440282415597,1.634387901407678,0.629435022402358,1.94258112774281,0.0002703870090438,2.5
ICLN,Moirai-2.0,0.025,177,-0.0047530780382825,0.0115171318171041,0.0037569310356048,0.0154131739171468,0.0061652695668587,0.0027993821937023,1.8680662203343448,0.6093701167261362,1.3420572024987023,0.0019126647252815,6.25
ICLN,Moirai-2.0,0.05,177,-0.0027769082085977,0.0075348354432617,0.0025142267660621,0.0140510486738171,0.0039742367200153,0.0021470682516986,1.8959201411718296,0.6326313562047806,1.1710045845412855,2.823445852229156e-06,12.5
TLT,GJR-GARCH-t,0.01,260,0.0111677063019857,0.0045694001697634,0.0019758249131028,0.005919300280474,0.0037436942081542,,1.2205591364301671,0.5277741191572718,,2.220446049250313e-16,2.5
TLT,GJR-GARCH-t,0.025,260,0.0076852826078078,0.002871893108829,0.0012559925350784,0.0044985176185252,0.0017994070474101,0.0012199505071682,1.5960219300922611,0.6980035656113454,1.0295438443595817,0.0,6.25
TLT,GJR-GARCH-t,0.05,260,0.0054897214555952,0.0018992805526947,0.0008883314954937,0.003986279175753,0.001127490014751,0.0007643595259446,1.684520951712443,0.7878841354438624,1.162190651573214,0.0,12.5
TLT,TimesFM-2.5,0.01,247,0.0008534251737373,0.0045709824358964,0.0021194212908528,0.0063787627356608,0.0040342837796989,0.0021296975242736,1.1330344332489088,0.5253525548990929,0.9951747920520398,0.1579108163166065,2.5
TLT,TimesFM-2.5,0.025,247,0.0007908656747174,0.0030498760235186,0.0013633848768521,0.0060705085727753,0.0024282034291101,0.0013275906991581,1.2560216277415943,0.5614788532572803,1.0269617569004588,0.0007541667119912,6.25
TLT,TimesFM-2.5,0.05,247,0.0007081744322984,0.0023123063698312,0.000981467951731,0.0053805473079801,0.0015218485951871,0.0010028482502988,1.5194063175167298,0.6449182624572133,0.97868042491831,1.222075410867163e-07,12.5
TLT,Chronos-Small,0.01,167,-0.0218649605554254,0.0068197582880973,0.0022475474505738,0.0057109193624514,0.0036119025437806,0.0034496908214049,1.8881346341529297,0.6222613770252173,0.65152141653625,0.0,2.5
TLT,Chronos-Small,0.025,164,-0.0188633390398527,0.0053707161169901,0.0014025753804179,0.0058198620455954,0.0023279448182381,0.002206662044432,2.3070633268080596,0.602495114759401,0.6356095098282064,0.0,6.25
TLT,Chronos-Small,0.05,154,-0.0165995338005251,0.0046894412683303,0.0013082363716053,0.0058462397239973,0.0016535663013122,0.001592853458933,2.835955996810542,0.791160518067618,0.8213162135339855,0.0,12.5
TLT,Moirai-2.0,0.01,247,0.0001399974822467,0.0035005547417794,0.0016223075841697,0.0056740641078779,0.0035885932341411,0.0018784264460464,0.9754671297030576,0.4520734110334671,0.8636524403626692,0.2970059027794821,2.5
TLT,Moirai-2.0,0.025,247,0.0001065147672535,0.0025926510359668,0.0010588587366557,0.00559923084903,0.002239692339612,0.0013897998952993,1.1575924916616067,0.4727697273095694,0.761878555493514,0.0090591580499101,6.25
TLT,Moirai-2.0,0.05,247,3.899429602830008e-05,0.0021990108053371,0.0007943637203045,0.0053248639514131,0.001506098963576,0.0009998738493915,1.4600705919854962,0.527431290715722,0.7944639424142135,1.5900077554587e-07,12.5
IBGL,GJR-GARCH-t,0.01,196,0.0083650237698412,0.0056420341917055,0.0028621605733881,0.0176397144993088,0.0111563350185825,0.005613630649621,0.5057247010158709,0.2565502531629604,0.5098590826564909,8.952283567786878e-06,2.5
IBGL,GJR-GARCH-t,0.025,196,0.0059170842390433,0.0037600724531223,0.0017251257720238,0.0128236354434162,0.0051294541773664,0.0012416103017003,0.7330355868492823,0.336317610484932,1.3894261103192311,5.244005230053972e-11,6.25
IBGL,GJR-GARCH-t,0.05,196,0.0045947940292806,0.0026451738371786,0.001177540323041,0.0104188309891694,0.0029468904177913,0.0010506494299591,0.8976152697123883,0.3995874145614065,1.120773770454372,0.0,12.5
IBGL,TimesFM-2.5,0.01,183,-0.0029545311661299,0.0103906817713639,0.0046394833490787,0.0148958956049561,0.0094209915799506,0.001994309317172,1.1029286761572894,0.4924623177619947,2.3263609657389894,0.04917048656207,2.5
IBGL,TimesFM-2.5,0.025,183,-0.0016694217627724,0.0051124493062176,0.0021588318613718,0.0110047835000721,0.0044019134000288,0.0013551740840994,1.161415239605611,0.4904303345353697,1.5930291810490245,0.0054605040566235,6.25
IBGL,TimesFM-2.5,0.05,183,-0.000940541791698,0.0033358681192423,0.0013662359762073,0.0093321128383653,0.0026395201083224,0.0011516927270919,1.263816141701,0.5176077166070975,1.186285147130406,6.099977707507698e-06,12.5
IBGL,Chronos-Small,0.01,77,-0.020077711992354,0.0051180119247856,0.0039124954407753,0.0060807234829828,0.0038457872055796,0.002839308322498,1.3308099619657163,1.0173457946656332,1.3779748433002217,0.0,2.5
IBGL,Chronos-Small,0.025,77,-0.0173603911195334,0.0039783269015699,0.0024653412997235,0.0060800583670728,0.0024320233468291,0.0017901913293574,1.6358095027158754,1.0136996846423705,1.377138442854864,0.0,6.25
IBGL,Chronos-Small,0.05,77,-0.0149160999070123,0.0030844706694796,0.0016561892318052,0.0060905039889838,0.0017226546685816,0.0012735812762229,1.7905333702309716,0.961416853889146,1.3004189545852811,0.0,12.5
IBGL,Moirai-2.0,0.01,183,-0.0035263777149123,0.0099409667934692,0.004051818339854,0.0137955108534426,0.0087250471564904,0.001920408790206,1.139359663640827,0.4643892768923341,2.109872835678521,0.0016219198659263,2.5
IBGL,Moirai-2.0,0.025,183,-0.0018902547462419,0.0050373110334907,0.0016996204052829,0.0107235205818503,0.0042894082327401,0.0014112416922645,1.174360368649926,0.3962365699562259,1.2043439579478674,0.0016475660587279,6.25
IBGL,Moirai-2.0,0.05,183,-0.001107033045008,0.0034993486840472,0.0010584033047123,0.0090777861301362,0.0025675856523122,0.0010918424440135,1.362894624721069,0.4122173310008931,0.9693736587320008,3.711906193637482e-06,12.5
DJCI,GJR-GARCH-t,0.01,111,0.0073262101333388,0.0064792470196106,0.0030461801027886,0.0067925742769832,0.0042960011782277,0.0051410442766221,1.5082041998609463,0.7090733862520255,0.5925216626980819,0.0003385301242387,2.5
DJCI,GJR-GARCH-t,0.025,111,0.0049191622414068,0.0039625536664808,0.0018045297813223,0.0062739541335394,0.0025095816534157,0.0021160083928552,1.5789698100029663,0.7190560143226279,0.8527989715992514,5.558258071247657e-06,6.25
DJCI,GJR-GARCH-t,0.05,111,0.003604209162257,0.0025225735271523,0.0012363440367048,0.0061521656022966,0.0017400952065466,0.0009753812385867,1.4496755796245229,0.7105036736228575,1.267549536319029,3.4820561767290314e-08,12.5
DJCI,TimesFM-2.5,0.01,99,-0.0013218858547678,0.0058647685605132,0.0027320789768703,0.0058185819070136,0.0036799943156818,0.0036766642917415,1.593689570530383,0.74241391222479,0.7430863304564213,0.0788703901366488,2.5
DJCI,TimesFM-2.5,0.025,99,-0.0011472103448618,0.0042135215320982,0.0018137028101862,0.0060805828459655,0.0024322331383862,0.0016269881644305,1.732367455076255,0.745694473758222,1.114760912118267,0.0631446602756412,6.25
DJCI,TimesFM-2.5,0.05,99,-0.0006379107759446,0.002914132980171,0.0012138519029447,0.006092476005401,0.0017232124390541,0.0012706824397404,1.691104888826467,0.704412221867995,0.9552755786824404,0.0006688112316182,12.5
DJCI,Chronos-Small,0.01,80,-0.0241598211497042,0.0062559880621967,0.0037139149367932,0.0061216699779811,0.0038716840428586,0.0033620844079985,1.6158312488685689,0.9592505213961378,1.104646548420281,0.0,2.5
DJCI,Chronos-Small,0.025,80,-0.0198011800595123,0.0043650845169002,0.002747100065885,0.0061347566988274,0.0024539026795309,0.0021312116778319,1.77883359161355,1.1194820759599555,1.288985085085326,0.0,6.25
DJCI,Chronos-Small,0.05,80,-0.0163608983869531,0.0030938761515721,0.0018692241744105,0.0061434319092386,0.0017376249451121,0.0015112485196314,1.7805201060648823,1.0757351174478142,1.2368741144351427,0.0,12.5
DJCI,Moirai-2.0,0.01,99,-0.0043369335427951,0.0068476512159101,0.0026025344615698,0.0065898776652693,0.0041678045848247,0.0044659251236148,1.6429875913191476,0.6244377366073802,0.582753716090803,0.0008854513804111,2.5
DJCI,Moirai-2.0,0.025,99,-0.0028200908946029,0.0046304819130214,0.0017405029285225,0.006496528786507,0.0025986115146028,0.0016566567668216,1.781906178357386,0.6697818888055502,1.0506116676550543,0.0045254669222813,6.25
DJCI,Moirai-2.0,0.05,99,-0.0017107341221191,0.0033659506998388,0.0011728591878666,0.0064808579954211,0.0018330634545877,0.0012937855098064,1.836243416131961,0.6398355632104453,0.906532944585313,0.0002564405203864,12.5
GOLD,GJR-GARCH-t,0.01,282,0.0089633313024899,0.0057491971011353,0.0029159523836807,0.0103841544051874,0.0065675158990526,0.0024872025131027,0.8753990381606315,0.4439962427957601,1.1723823726935425,1.064204125578172e-05,2.5
GOLD,GJR-GARCH-t,0.025,282,0.0057162734637558,0.0034971851060759,0.0020041432382098,0.0103021543628873,0.0041208617451549,0.001775819120736,0.8486538307643299,0.4863408097993515,1.1285739717562469,8.944167628754939e-11,6.25
GOLD,GJR-GARCH-t,0.05,282,0.0045318447713935,0.0023650260501799,0.0013886286351287,0.0099873578605991,0.0028248513877465,0.0015182567598971,0.8372214058547572,0.4915758192279603,0.9146204198180564,0.0,12.5
GOLD,TimesFM-2.5,0.01,269,-0.0053734593015235,0.0098003308754865,0.0044155291345509,0.0127557498726735,0.0080674445722102,0.0026092331485621,1.2147999019721265,0.5473268635474774,1.6922708256194792,6.429256038664732e-08,2.5
GOLD,TimesFM-2.5,0.025,269,-0.0041750074788171,0.0062559982438155,0.0026114216573439,0.0113976889335687,0.0045590755734275,0.0024177264415016,1.372207620395348,0.5727963082175207,1.0801146120245313,2.6045321677159453e-08,6.25
GOLD,TimesFM-2.5,0.05,269,-0.0030428935173308,0.0043802995170676,0.0017547218864686,0.0104154325645792,0.002945929198162,0.0018681839424855,1.4868991148193558,0.5956429256899333,0.9392661218006704,8.509082327634587e-12,12.5
GOLD,Chronos-Small,0.01,79,-0.0320528508027284,0.0120623473459949,0.0045236931966844,0.0088917964756924,0.0056236658707692,0.0040777614231895,2.1449260363587457,0.8044029109549027,1.1093570043011869,0.0,2.5
GOLD,Chronos-Small,0.025,79,-0.0259403484936261,0.0082466947355615,0.0029848904312259,0.0088934326763093,0.0035573730705237,0.0025781737083263,2.3181978870569715,0.8390715204875823,1.1577538090572033,0.0,6.25
GOLD,Chronos-Small,0.05,56,-0.0188732020787189,0.0034536454331522,0.0016108759077359,0.0088972494297928,0.0025165221622858,0.0017417785087727,1.3723882447413556,0.6401198971650225,0.9248454379374008,0.0,12.5
GOLD,Moirai-2.0,0.01,269,-0.0076939687927481,0.01049022831178,0.0044731155678062,0.0128866707410234,0.0081502461996567,0.0026180360546486,1.2871056965397931,0.5488319565112834,1.7085767630524835,3.3795188869589765e-13,2.5
GOLD,Moirai-2.0,0.025,269,-0.0056700506206625,0.0065904240036963,0.002635953732769,0.0114145030221507,0.0045658012088602,0.0025259975846234,1.4434320948768278,0.5773255584701735,1.043529791483154,3.347322419244847e-12,6.25
GOLD,Moirai-2.0,0.05,269,-0.0040756590443291,0.0047116924651171,0.0017475192498078,0.0104650533778417,0.0029599640835804,0.0019636149199285,1.591807309843377,0.5903852886262122,0.889950077315286,2.0761170560490427e-14,12.5
WTI,GJR-GARCH-t,0.01,282,0.0168917079878102,0.0143250179495808,0.0075347777964949,0.0303578583559143,0.0191999954578927,0.014354047637995,0.7460948613762356,0.3924364364053799,0.5249235606931125,4.9393603883673975e-06,2.5
WTI,GJR-GARCH-t,0.025,282,0.0116591690995241,0.0092847432362629,0.0045355370483684,0.0260156076903208,0.0104062430761283,0.0053881133819204,0.8922281719097949,0.4358476940417448,0.8417671876741146,4.5206172138989587e-11,6.25
WTI,GJR-GARCH-t,0.05,282,0.0086673601189507,0.0063476476744471,0.0031319567865289,0.0236271906249921,0.0066827786845276,0.0026894473436501,0.9498515474025242,0.4686608571641338,1.164535455183204,0.0,12.5
WTI,TimesFM-2.5,0.01,270,-0.0071098622643115,0.0259713249034776,0.0110570373751207,0.030922469843837,0.0195570871168792,0.0089716726272478,1.3279751093946082,0.5653724048494755,1.232438792019604,0.0026694391799856,2.5
WTI,TimesFM-2.5,0.025,270,-0.0041922003317032,0.0150246291271494,0.0062751272129587,0.0273237561449091,0.0109295024579636,0.0045409174381926,1.3746855526988655,0.5741457341808281,1.3819073564694213,0.0006595742740928,6.25
WTI,TimesFM-2.5,0.05,270,-0.0029410776598389,0.0097963352667206,0.0039977572465616,0.0238595024239285,0.0067484863838787,0.0030710552958249,1.451634442076208,0.5923931707281443,1.3017535867870893,5.033432115553182e-09,12.5
WTI,Chronos-Small,0.01,94,-0.0608936861293909,0.023947223535729,0.0104660790162061,0.0191532283920522,0.0121135652528578,0.0081827391087341,1.9768930976022363,0.8639965854591733,1.279043469079283,0.0,2.5
WTI,Chronos-Small,0.025,94,-0.0514174704274079,0.0184912291806258,0.0087105993586007,0.0191301373138972,0.0076520549255589,0.0051669920531053,2.4165050251877633,1.1383346621710886,1.6858162871308535,0.0,6.25
WTI,Chronos-Small,0.05,90,-0.043866551905714,0.0148883430724885,0.0074469246501047,0.0190972581018769,0.0054015202823627,0.0037682514664773,2.7563245705292405,1.3786719776690834,1.9762281568396496,0.0,12.5
WTI,Moirai-2.0,0.01,270,-0.0111531747344579,0.0292601110623403,0.0103760946445457,0.0327072080616078,0.0206858546759403,0.0084381950637117,1.4144985315193508,0.5016033810106046,1.2296580686037717,0.0018494802814597,2.5
WTI,Moirai-2.0,0.025,270,-0.006881577161394,0.0174572993037694,0.0061116321895083,0.0276246563945176,0.011049862557807,0.0049564299602449,1.5798657415367865,0.5530957654482556,1.233071432165724,3.982003682423407e-05,6.25
WTI,Moirai-2.0,0.05,270,-0.0045117435837538,0.0114367125578024,0.0039842113205358,0.0238594376623412,0.0067484680665356,0.0031069358089537,1.6947124065852597,0.5903875192494016,1.2823603593784785,1.29301680473759e-10,12.5
NATGAS,GJR-GARCH-t,0.01,282,0.0392098461119709,0.0201191084946784,0.0101274546294249,0.0177846400187722,0.0112479939650999,,1.788684147333612,0.900378739608874,,1.6109336087311021e-13,2.5
NATGAS,GJR-GARCH-t,0.025,282,0.0278983952816642,0.0128646492431515,0.0061709006086779,0.0231290125782445,0.0092516050312978,0.0041456308629679,1.3905316104212135,0.6670086528555849,1.4885311337778016,0.0,6.25
NATGAS,GJR-GARCH-t,0.05,282,0.0208131935681276,0.009556762072917,0.004242532770519,0.0211764221955256,0.0059895966942902,0.0038854880618165,1.5955601955683183,0.708316934688338,1.0918918558034592,0.0,12.5
NATGAS,TimesFM-2.5,0.01,270,0.0044808868831996,0.0205761160400603,0.0110493145731304,0.0350641554869652,0.0221765191138201,0.0035416595909108,0.9278334410578224,0.4982438639905689,3.119812700657921,0.1912991965035432,2.5
NATGAS,TimesFM-2.5,0.025,270,0.0039143559197424,0.0135051201455393,0.0061349199571149,0.0325822880673508,0.0130329152269403,0.0049343827783772,1.0362317187196075,0.4707250718882448,1.2433003746686315,0.0006230303717741,6.25
NATGAS,TimesFM-2.5,0.05,270,0.002933022991995,0.0103105351268973,0.0042776464776229,0.0286867479023157,0.0081138375887665,0.0043405781072519,1.2707347188181388,0.5272038577091073,0.985501555766512,2.4714223223476498e-08,12.5
NATGAS,Chronos-Small,0.01,254,-0.0928177541258047,0.0314437314129201,0.0125280785080685,0.0240457097099127,0.0152078421277102,0.0119797225001258,2.067599804684092,0.8237906734474248,1.0457736819811063,0.0,2.5
NATGAS,Chronos-Small,0.025,254,-0.0747333107629171,0.0217053140133395,0.0083761031085762,0.0241157052514915,0.0096462821005966,0.0076124146072075,2.250122253007412,0.8683245027696451,1.1003214539373107,0.0,6.25
NATGAS,Chronos-Small,0.05,245,-0.0609507602049221,0.0162601035367292,0.0061809969337984,0.0242151196958676,0.0068490701376767,0.0053790625963528,2.3740600125091915,0.9024578241353808,1.1490844032916283,0.0,12.5
NATGAS,Moirai-2.0,0.01,270,-0.0030465326157751,0.0194039483869786,0.009477374140684,0.0330178949701276,0.0208823503299641,0.0085900873202666,0.9292032783846116,0.4538461423609486,1.103291944230192,0.1681809927717469,2.5
NATGAS,Moirai-2.0,0.025,270,0.0003231598496023,0.0138061559102054,0.0054983963960433,0.0298142771198439,0.0119257108479375,0.0055426456827484,1.1576799141153962,0.4610539754109732,0.9920165766967995,0.0054368144371418,6.25
NATGAS,Moirai-2.0,0.05,270,0.0010428146317807,0.0112534718104619,0.0039123030704771,0.0277812850218707,0.0078577340116164,0.0049311714257231,1.4321522965559044,0.4978920213758046,0.7933820856579535,4.4828291301257657e-08,12.5
CBU0,GJR-GARCH-t,0.01,140,0.0020928816237006,0.008842360300151,0.0033991264478424,0.0072451132363728,0.0045822119465544,0.0052488509335805,1.929714383203072,0.7418090842346177,0.64759439558397,0.1433173995391771,2.5
CBU0,GJR-GARCH-t,0.025,140,0.0018371214365388,0.0048853075328478,0.0020789874743299,0.005503070089453,0.0022012280357812,0.0006793607641616,2.2193554931322943,0.9444671067857324,3.060211280961232,0.0002761284148419,6.25
CBU0,GJR-GARCH-t,0.05,140,0.0015641614443008,0.0030859188939331,0.0013765609532339,0.0041963024813248,0.0011868935761818,0.0004173306642238,2.599996289355852,1.159801502727994,3.298489833700936,8.492103353852087e-09,12.5
CBU0,TimesFM-2.5,0.01,143,-0.0008842116086736,0.0036328297557245,0.0019238274874939,0.0070716237576844,0.0044724875660082,0.0009560821925167,0.8122615663226765,0.430147084614692,2.012198849169751,0.2474196990675036,2.5
CBU0,TimesFM-2.5,0.025,143,-0.000314221384192,0.001673198287526,0.0008622273974591,0.0051239138228506,0.0020495655291402,0.000556616647333,0.8163673050394923,0.4206878897991925,1.549050682530716,0.0428117824405883,6.25
CBU0,TimesFM-2.5,0.05,143,-0.0001147768935778,0.0010722039091885,0.000498679278894,0.0041182345128803,0.0011648126202296,0.0004515463942297,0.9204947564674922,0.4281197423803251,1.104381045373403,3.8090037590254866e-05,12.5
CBU0,Chronos-Small,0.01,75,-0.0103995448646673,0.0033414787079819,0.0016431828406168,0.002815414190909,0.0017806242800065,0.0015822637572698,1.8765770777705413,0.9228127792409914,1.0385012189447629,0.0,2.5
CBU0,Chronos-Small,0.025,75,-0.0088266949114089,0.0027429739596283,0.0008798715678262,0.0027954573827909,0.0011181829531163,0.0010009826648407,2.4530636529413496,0.7868762132118698,0.8790077977686572,0.0,6.25
CBU0,Chronos-Small,0.05,74,-0.0074111306569236,0.0024240667453701,0.0006729662374829,0.0027899184032372,0.0007891080887544,0.0007069330558009,3.071907106156037,0.8528188306181828,0.9519518601665202,0.0,12.5
CBU0,Moirai-2.0,0.01,143,-0.0002997453693961,0.0026880659497922,0.0015021121057492,0.0059231382817028,0.0037461215732633,0.0006348423228503,0.7175597206928136,0.4009779384817823,2.3661184071739463,0.1995996302717617,2.5
CBU0,Moirai-2.0,0.025,143,-0.0002353138741273,0.0013885656853495,0.0007015635164349,0.0042535773868339,0.0017014309547335,0.0005585295537863,0.8161163880828364,0.4123373413908631,1.2560902313566082,0.0140003005440798,6.25
CBU0,Moirai-2.0,0.05,143,-0.0001719834356131,0.0010410126085866,0.0004218320527539,0.0035936235940068,0.0010164302449416,0.0004690828226561,1.0241849982006608,0.4150132828624553,0.89926987811104,5.265898495931953e-05,12.5
BTC,GJR-GARCH-t,0.01,177,0.0103257155437578,0.0428564760601262,0.019213259371747,0.0720407429512691,0.0455625664113462,0.0161234312135577,0.940607157051054,0.4216895773228987,1.1916358942004357,0.0032621144172961,2.5
BTC,GJR-GARCH-t,0.025,177,0.0116568653189841,0.0238484959164758,0.0116934394636638,0.0553629976445063,0.0221451990578025,0.0107138543948853,1.0769149491150405,0.5280349674501499,1.0914316204676182,8.187173961005102e-08,6.25
BTC,GJR-GARCH-t,0.05,177,0.0142199902605722,0.0166646419304784,0.0080513470204388,0.0469772240031317,0.0132871654615735,0.0071259685575313,1.25419089411301,0.605949180336721,1.1298600261054317,0.0,12.5
BTC,TimesFM-2.5,0.01,164,0.0026008187390901,0.0307796627406276,0.0170428782482842,0.0572440032400188,0.0362042865249035,0.0157936232867804,0.8501662564032438,0.4707420000270152,1.0790986931130226,0.2592425895931006,2.5
BTC,TimesFM-2.5,0.025,164,0.0010695140793003,0.0183385109289729,0.0102200385537369,0.0443542910942336,0.0177417164376934,0.0104074420816198,1.03363792299214,0.5760456486624815,0.981993315320595,0.0065589485610353,6.25
BTC,TimesFM-2.5,0.05,164,2.320862015179899e-05,0.012489043551248,0.0065356527854886,0.0377271822742669,0.010670858568478,0.0079173834317678,1.170387881265807,0.6124767509144117,0.8254814032707894,1.3352834733471042e-06,12.5
BTC,Chronos-Small,0.01,92,-0.1069743642338492,0.0544119980413892,0.0243573143127259,0.0296622961674776,0.0187600833039425,0.0130088844050532,2.9004134555177736,1.2983585370117798,1.8723599621858735,0.0,2.5
BTC,Chronos-Small,0.025,92,-0.0798681315781047,0.0288436200360297,0.0115824559209209,0.0295929904177386,0.0118371961670954,0.0082047589111247,2.436693591021835,0.978479680274064,1.41167535163239,0.0,6.25
BTC,Chronos-Small,0.05,80,-0.0625597444307822,0.0198742152959034,0.009539010067573,0.0295552277616266,0.0083594807879036,0.0054422417499974,2.377446135729133,1.1411007824046,1.7527722041339997,0.0,12.5
BTC,Moirai-2.0,0.01,164,-0.0289950890179823,0.0333431896221475,0.0158295753607889,0.0496852814001258,0.0314237310821594,0.0167792594296543,1.0610830882866702,0.5037458893535428,0.9434013120276972,1.0260241072312937e-06,2.5
BTC,Moirai-2.0,0.025,164,-0.0202719763565735,0.017336545650476,0.0087397426728486,0.0405214201279034,0.0162085680511613,0.0113853079047903,1.069591440511852,0.5392051071545717,0.7676334049052322,2.545700317213573e-10,6.25
BTC,Moirai-2.0,0.05,164,-0.014291749157994,0.0112066382787304,0.0056439773223891,0.03641216913188,0.0102989166843455,0.0081193971476271,1.0881375801170072,0.5480166016847239,0.6951227067441285,8.479084101509216e-11,12.5
ETH,GJR-GARCH-t,0.01,122,0.0385719116398138,0.0266257210630348,0.0157501861320373,0.030003702216412,0.0189760074482608,0.0099882014137887,1.4031255592427077,0.8300052671765171,1.5768791076133215,0.0057159092332573,2.5
ETH,GJR-GARCH-t,0.025,122,0.0281858852519483,0.019883161337496,0.0106074188589679,0.0345184464987449,0.0138073785994979,0.009740996832622,1.440038830992803,0.7682427755949007,1.08894593040461,1.1820629797210105e-07,6.25
ETH,GJR-GARCH-t,0.05,122,0.0237114190307024,0.014444064691256,0.0077194611656425,0.0363292957534713,0.0102754765532044,0.0081840103868041,1.4056831930341551,0.7512509152906575,0.9432369707263994,6.861178292183467e-14,12.5
ETH,TimesFM-2.5,0.01,109,0.0064359828362598,0.0324211962436518,0.0139580000987095,0.0349326101219859,0.0220933225200255,0.0179706371105134,1.4674658469437991,0.6317746045692244,0.7767114773322955,0.4633482374591107,2.5
ETH,TimesFM-2.5,0.025,109,0.0033511027040746,0.0208656601064055,0.0090512889923203,0.0352918048893155,0.0141167219557262,0.0114950191071132,1.4780811134373708,0.6411749852910332,0.7874096517785931,0.0460925377507025,6.25
ETH,TimesFM-2.5,0.05,109,0.0012659026655939,0.0133776395547078,0.0056871052833476,0.0335832876406319,0.0094987881700917,0.0083827355148515,1.4083522355861429,0.5987190346295294,0.6784307190978335,5.151512201351238e-05,12.5
ETH,Chronos-Small,0.01,82,-0.1234474906967755,0.0404525670886779,0.0167168594155702,0.0312437386157907,0.019760275328971,0.0174282262703245,2.047166166220846,0.8459831220601091,0.9591830606442392,0.0,2.5
ETH,Chronos-Small,0.025,82,-0.0979360309406518,0.0281828514639295,0.0095998192985574,0.031255331759687,0.0125021327038748,0.0110180711473055,2.2542435064054884,0.7678545353771625,0.8712794798847411,0.0,6.25
ETH,Chronos-Small,0.05,80,-0.0781577202542506,0.0202148288490158,0.0077193338716492,0.0312662308924418,0.0088434255544759,0.0077709697123726,2.285859560245225,0.872889563450013,0.9933552899271788,0.0,12.5
ETH,Moirai-2.0,0.01,109,-0.0317960877110257,0.0305188077914739,0.0117433670282113,0.0359545202322544,0.022739635222506,0.0163777409641959,1.3420975091662293,0.5164272387530905,0.7170321629755885,8.539005614704998e-06,2.5
ETH,Moirai-2.0,0.025,109,-0.02146678280141,0.018234758118221,0.0074640591894487,0.0344106214022065,0.0137642485608826,0.0116408596494198,1.3247913998039391,0.5422787271265443,0.6411948442158896,9.071996733944763e-06,6.25
ETH,Moirai-2.0,0.05,109,-0.0153925708844067,0.012409177688735,0.0053673653614492,0.0332674923658334,0.009409467777981,0.0083844391022877,1.3187969799709216,0.5704217802848934,0.6401579516493529,1.230677386665491e-07,12.5
EURUSD,GJR-GARCH-t,0.01,252,0.0046407313459178,0.0060530017956124,0.0028463441434573,0.0098210796855989,0.0062113961777006,0.0008948990730227,0.974499391512512,0.4582454672068617,3.1806314580737856,3.1812019685162335e-10,2.5
EURUSD,GJR-GARCH-t,0.025,252,0.003507869001539,0.0035571839537835,0.0017171742578289,0.0080827866464687,0.0032331146585875,0.001305875169993,1.1002343960599283,0.5311207424295737,1.3149604933816943,0.0,6.25
EURUSD,GJR-GARCH-t,0.05,252,0.0026937016450132,0.0022796864419949,0.0011813454460683,0.006104001256151,0.0017264722722382,0.0007118978172608,1.320430382029558,0.6842539350700758,1.6594311956366807,0.0,12.5
EURUSD,TimesFM-2.5,0.01,240,-0.0022219389600199,0.0084558315204823,0.0031668218491154,0.0143882062801252,0.0090999006579069,0.0023282432099757,0.9292223990527956,0.3480062000856941,1.3601765638343877,0.1663059910198088,2.5
EURUSD,TimesFM-2.5,0.025,240,-0.001117085556252,0.0053103215400276,0.0020911715514292,0.0123877560549781,0.0049551024219912,0.0011716851881375,1.071687543018249,0.4220238803033433,1.7847554723750716,0.0073383371700286,6.25
EURUSD,TimesFM-2.5,0.05,240,-0.0005395299643607,0.0032009413060749,0.0012036785533448,0.0097480708334733,0.0027571707959343,0.0008308143913876,1.1609514038067623,0.4365629271569732,1.4487935763057345,2.698057787187125e-07,12.5
EURUSD,Chronos-Small,0.01,190,-0.0160030317206966,0.0139067309523171,0.0109643585929489,0.0057338495536537,0.0036264048700571,0.0018689181877525,3.834853374245039,3.023478895994392,5.866687297924991,0.0,2.5
EURUSD,Chronos-Small,0.025,190,-0.0127873767181184,0.0082582416114247,0.0061383418421506,0.0057118964654986,0.0022847585861994,0.0011797256391279,3.614491991104267,2.68664789322943,5.203194402630913,0.0,6.25
EURUSD,Chronos-Small,0.05,190,-0.010555945656737,0.0055177252938139,0.0037765043843429,0.0056885967978107,0.0016089781484672,0.000834238380503,3.429335133650075,2.3471446072406588,4.526888803731984,0.0,12.5
EURUSD,Moirai-2.0,0.01,240,-0.002796123090116,0.0103072694266249,0.003447789849624,0.0160166310450499,0.0101298069089841,0.002134646031668,1.0175188450515638,0.3403608657699274,1.615157641349012,0.3043724620533654,2.5
EURUSD,Moirai-2.0,0.025,240,-0.0010652128912465,0.0058040763718937,0.0021662579475731,0.0128006514825112,0.0051202605930045,0.0013540296267433,1.1335509719609786,0.423075722070228,1.599860080449814,0.003862728862937,6.25
EURUSD,Moirai-2.0,0.05,240,-0.0003532994882275,0.0033426180879454,0.0011721173792572,0.010137997580871,0.0028674587348347,0.000871305744188,1.1657074772649334,0.4087652125619221,1.3452423412512418,1.362536865556763e-07,12.5
GBPUSD,GJR-GARCH-t,0.01,253,0.004845828837545,0.0057463927748002,0.0022668512751683,0.0121917201094891,0.0077107208282526,0.0052440730904255,0.7452471568864264,0.2939869469612286,0.4322691991664079,8.20288017511217e-08,2.5
GBPUSD,GJR-GARCH-t,0.025,253,0.0033128067220751,0.0033269591843325,0.0013754051594069,0.0081863860757409,0.0032745544302963,0.0009551643105671,1.0160036289369003,0.4200281866386344,1.4399670760209673,2.9167779302952113e-12,6.25
GBPUSD,GJR-GARCH-t,0.05,253,0.0024173150909457,0.0021550334305694,0.0009176547633721,0.0061168690360642,0.0017301118300124,0.0005960631845398,1.2456035460748216,0.5304019933587394,1.5395259884748391,1.1102230246251563e-16,12.5
GBPUSD,TimesFM-2.5,0.01,240,-0.0020994773868861,0.0072650243772323,0.003004603765319,0.0082451605326349,0.0052146973913707,0.0018111173180944,1.3931823521062918,0.5761798892283037,1.65897798850515,0.00371371471298,2.5
GBPUSD,TimesFM-2.5,0.025,240,-0.0011899075478774,0.003927465631314,0.0015789346587846,0.0065260882023268,0.0026104352809307,0.0011291732337321,1.5045251878122454,0.6048549337034909,1.3983103846395295,0.0025377981491094,6.25
GBPUSD,TimesFM-2.5,0.05,240,-0.0007681122021988,0.0024978061951059,0.0010066876484357,0.0055180989910321,0.001560754086327,0.0007736584856239,1.600384209779111,0.6450008090671479,1.301204171016015,2.325740184883074e-07,12.5
GBPUSD,Chronos-Small,0.01,213,-0.0168520127041228,0.0087782192049801,0.0035765004992358,0.0043586818949059,0.0027566724768083,0.0019739887524142,3.1843533386104963,1.2973976884540024,1.8118140211597995,0.0,2.5
GBPUSD,Chronos-Small,0.025,213,-0.0133985584642538,0.0052151041019031,0.0021645927861109,0.0043572234117284,0.0017428893646913,0.0012468535766883,2.9922175254231727,1.2419565062262103,1.7360440925710352,0.0,6.25
GBPUSD,Chronos-Small,0.05,201,-0.0109287806279032,0.0036147884525046,0.0016555162811342,0.0043567613025279,0.0012322781844114,0.0008747651988182,2.933419172904611,1.343459863265325,1.892526455522764,0.0,12.5
GBPUSD,Moirai-2.0,0.01,240,-0.0022186673129983,0.007172586247982,0.002758728506821,0.0083696183028858,0.0052934113966704,0.0019893411940087,1.3550026080522588,0.5211626869878887,1.3867548287491036,0.00371371471298,2.5
GBPUSD,Moirai-2.0,0.025,240,-0.0013119264994334,0.0038313705457554,0.0014293550369686,0.0063506082712253,0.0025402433084901,0.0011441226687694,1.5082691224694815,0.562684303582809,1.2493022610119149,7.567582782064264e-05,6.25
GBPUSD,Moirai-2.0,0.05,240,-0.0008744673835895,0.0025480952936726,0.0009225690773864,0.0055114302231735,0.001558867873937,0.0007760230210443,1.6345806699045649,0.5918199308684509,1.1888424084956857,9.414048729450286e-08,12.5
USDJPY,GJR-GARCH-t,0.01,301,0.0042615033527006,0.00457104688794,0.0023124937128357,0.0054330041273097,0.0034361335158788,0.0037697042199418,1.3302879142549604,0.6729929736866864,0.6134416861149509,1.1297823504508033e-05,2.5
USDJPY,GJR-GARCH-t,0.025,301,0.0032607820678284,0.0032169122737102,0.0016308962797097,0.0059586041078092,0.0023834416431236,0.0016911583599238,1.3496920652499296,0.6842610493170606,0.9643663883630692,0.0,6.25
USDJPY,GJR-GARCH-t,0.05,301,0.0027735587323996,0.0023145993013379,0.0011342710221399,0.0056942542700803,0.0016105783232697,0.0010432986979062,1.437123092926656,0.7042631865535429,1.087196815654358,0.0,12.5
USDJPY,TimesFM-2.5,0.01,288,-0.0019567538052107,0.0065334533918171,0.0024220557676197,0.0120317127539661,0.007609523291086,0.0024085159554729,0.8585890524141772,0.3182927070421131,1.0056216410424978,0.0021594420934486,2.5
USDJPY,TimesFM-2.5,0.025,288,-0.0011707241195302,0.0041473974428998,0.0015174352657103,0.0107940325099017,0.0043176130039606,0.0015729213216172,0.9605764664631392,0.3514523567346989,0.9647242013034244,0.0033705733128863,6.25
USDJPY,TimesFM-2.5,0.05,288,-0.0006679136425538,0.0027396964774484,0.0009714285207302,0.0090550081969055,0.0025611430798926,0.0010905969480041,1.0697162915096714,0.3792949048246598,0.890731009753907,1.0261377747511348e-08,12.5
USDJPY,Chronos-Small,0.01,162,-0.019817309910775,0.0203870749547974,0.0107463929267726,0.0059324870122677,0.0037520342296266,0.002104136215641,5.433605800772755,2.8641510895389444,5.107270549734202,0.0,2.5
USDJPY,Chronos-Small,0.025,150,-0.0147283718375027,0.011245282517964,0.0059163788555647,0.005915905114544,0.0023663620458176,0.0013041060573903,4.752139486787039,2.500200198030374,4.536731366315362,0.0,6.25
USDJPY,Chronos-Small,0.05,138,-0.0102175988411903,0.0027271128178444,0.0018401070816533,0.005898096584553,0.0016682336364122,0.0009038147674848,1.6347307465334813,1.1030272028387385,2.0359338526564508,0.0,12.5
USDJPY,Moirai-2.0,0.01,288,-0.0037418585526919,0.0085843381144508,0.0027479599069046,0.0129850433106463,0.0082124624755151,0.0021574679042059,1.0452818676547242,0.3346085190766492,1.2736967727527109,5.248487345066444e-06,2.5
USDJPY,Moirai-2.0,0.025,288,-0.0022325192381597,0.0049072633686823,0.001546351605227,0.0111474432493021,0.0044589772997208,0.0015381136339497,1.1005356248370202,0.3467951284084383,1.0053558925006634,0.0001129242914381,6.25
USDJPY,Moirai-2.0,0.05,288,-0.0013391748431776,0.003247289950326,0.0009992963663323,0.0096005362122828,0.0027154417034928,0.0011266341216497,1.1958606756863963,0.3680050892077432,0.8869750588319271,5.348890996792477e-09,12.5
AUDUSD,GJR-GARCH-t,0.01,222,0.0068745338882658,0.0045117521173544,0.0019834196437806,0.0094295019961369,0.0059637407017793,0.0073140476431152,0.7565305641152896,0.3325797922751567,0.2711794809878879,8.546440299905812e-08,2.5
AUDUSD,GJR-GARCH-t,0.025,222,0.0046070872754241,0.0025978221415598,0.0013187346698658,0.007195623815228,0.0028782495260912,0.0011896731016377,0.9025701621804274,0.4581724613907113,1.1084849006424085,2.155609024612204e-12,6.25
AUDUSD,GJR-GARCH-t,0.05,222,0.0032551320979245,0.0017953765401698,0.0010051932327762,0.0060661152804106,0.001715756500095,0.000755089616291,1.0464052096380625,0.5858600755529658,1.3312237529018789,2.532418719169982e-13,12.5
AUDUSD,TimesFM-2.5,0.01,210,-0.0014780853728644,0.0057789680224075,0.002854844898926,0.0075743805547126,0.0047904588835563,0.0020629876930333,1.2063495716964336,0.5959439311180729,1.3838400047497692,0.0200878438081442,2.5
AUDUSD,TimesFM-2.5,0.025,210,-0.0009205043630085,0.0035811302432371,0.0019370395113076,0.0072602081217651,0.002904083248706,0.0011463607139268,1.2331362211578285,0.6670055041193376,1.6897294959388722,0.0072505167832586,6.25
AUDUSD,TimesFM-2.5,0.05,210,-0.0005912186092649,0.0023991029676823,0.0013244197904755,0.0066270130371429,0.0018744023430301,0.000821965443807,1.2799295608028185,0.7065824450125682,1.6112840271499962,2.597151236294337e-07,12.5
AUDUSD,Chronos-Small,0.01,165,-0.0179441525714656,0.0050944028166299,0.0022793352256551,0.0060598004306108,0.0038325543053598,0.0024754130939499,1.3292447831738143,0.594730053131262,0.9207898395730364,0.0,2.5
AUDUSD,Chronos-Small,0.025,165,-0.0148794869555395,0.0034789221164603,0.0014963445546322,0.0060578088018021,0.0024231235207208,0.0015739934662331,1.4357180253961628,0.6175271470218391,0.950667576920318,0.0,6.25
AUDUSD,Chronos-Small,0.05,153,-0.0125107132544377,0.0026526241593239,0.0012050228308571,0.0060544697092594,0.0017124626351623,0.0011167156056831,1.5490114089832268,0.703678320399008,1.0790776315156432,0.0,12.5
AUDUSD,Moirai-2.0,0.01,210,-0.0022375637261831,0.0066127615378771,0.0029864025303537,0.0088779686285727,0.0056149203723622,0.0016664165364171,1.177712433897806,0.5318690795782897,1.7921104748363523,0.0143763741779878,2.5
AUDUSD,Moirai-2.0,0.025,210,-0.0013572290586857,0.004290507895265,0.0019650384581153,0.0076222197723874,0.0030488879089549,0.0011557799241773,1.4072370068650937,0.6445099055113659,1.7001839338177378,0.0004681005552591,6.25
AUDUSD,Moirai-2.0,0.05,210,-0.0008461037288553,0.0029546243369687,0.001299725525349,0.0069287154011772,0.0019597366580336,0.0008469680141998,1.5076639633477016,0.6632143762893052,1.534562703146435,8.369703452526522e-08,12.5
SP500,HS-250,0.01,290,-0.005922686117180238,0.015095116740558292,0.008122699939004887,0.01354902534126845,0.008569156030749694,0.0031413133506989614,1.7615639960797467,0.9478996426085909,2.5857655802460893,5.356035254200364e-07,2.5
SP500,HS-250,0.025,290,-0.0037794070153622673,0.011265006241951073,0.006345941182718869,0.012472529049175313,0.004989011619670125,0.002039510175852895,2.2579635207776723,1.2719836445557255,3.111502584224706,1.1132517785394924e-07,6.25
SP500,HS-250,0.05,290,-0.002426658033040895,0.008896890962511183,0.004914555616845663,0.012225162280142808,0.0034577980597579896,0.0015571264088614267,2.5729932196022673,1.4212963082030394,3.1561699736626996,1.8658332656684706e-09,12.5
STOXX,HS-250,0.01,239,-0.00704518049157054,0.011221087272013876,0.006398751104663101,0.012110628790792444,0.0076594341751429875,0.0033582307450027984,1.4650021157475903,0.8354078066796166,1.905393521331057,8.741921939448005e-06,2.5
STOXX,HS-250,0.025,239,-0.00514256238152375,0.010102325024867208,0.005862158305470903,0.012209737140217558,0.004883894856087023,0.0028031216792033884,2.0684976484037563,1.2003039537521216,2.091296410342363,2.284841642441471e-06,6.25
STOXX,HS-250,0.05,239,-0.003001757941465546,0.008209291473906031,0.004681555517584725,0.011532529335229169,0.0032618918788693326,0.0018420170946937633,2.516727034113593,1.435227068043558,2.541537497708748,4.77871442416955e-09,12.5
GDAXI,HS-250,0.01,294,-0.0060321083642328275,0.014098873090804978,0.006712330561107714,0.0134537998552626,0.008508930145334699,0.0033437534392570427,1.6569501511932319,0.7888571708145906,2.007423897438785,6.41634989972939e-06,2.5
GDAXI,HS-250,0.025,294,-0.0035490338839547966,0.009934576245428794,0.0049081956608908045,0.012126257346656533,0.004850502938662613,0.0018751997696958358,2.048153845293405,1.0118941732347653,2.617425481919151,1.3159967302556197e-06,6.25
GDAXI,HS-250,0.05,294,-0.002244915944691529,0.008275889957543749,0.00423252553937276,0.011639546967055232,0.0032921610361376264,0.001583157472165564,2.513816871866344,1.2856374560396269,2.6734709678521034,4.600542169441724e-12,12.5
FCHI,HS-250,0.01,296,-0.006944054097108233,0.012992333611196446,0.007297907707884154,0.013442520393141592,0.008501796387117903,0.0037205111824923347,1.528186870116379,0.8583959642861001,1.9615336038300404,1.1110507737166486e-06,2.5
FCHI,HS-250,0.025,296,-0.003947728929044439,0.010059668458298364,0.005822547633373213,0.012455944466753141,0.004982377786701257,0.002269151195026708,2.019049716613057,1.168628290073567,2.5659584280388517,1.6580935903731664e-05,6.25
FCHI,HS-250,0.05,296,-0.0024623997884153557,0.008429301609506718,0.004868994973224608,0.012055815962081419,0.003409899687809917,0.0018842463857525272,2.472008675105813,1.4278997680286094,2.584054298864974,8.810130402991945e-11,12.5
FTSE100,HS-250,0.01,292,-0.005418575024228036,0.011704442277305473,0.006212331055867004,0.011400059391665246,0.007210030627771146,0.004075100423560294,1.6233554171355433,0.8616233933790427,1.524460850081205,1.2648326275233046e-07,2.5
FTSE100,HS-250,0.025,292,-0.003372881815509871,0.009053399102130832,0.0050074302048613425,0.011465562256476993,0.004586224902590797,0.0025136321284028344,1.9740416779422418,1.0918413970567826,1.9921094054614392,0.00024759336264668086,6.25
FTSE100,HS-250,0.05,292,-0.0021045461388790885,0.007533805103407748,0.004166662223072754,0.010928293502949785,0.0030909881770930727,0.0016540681643699134,2.4373451698197477,1.348003287088371,2.519039005058154,1.1081723316763714e-09,12.5
NIKKEI,HS-250,0.01,282,-0.008900691797202516,0.01767158987679008,0.00984167779985964,0.017272383401208655,0.010924014433501052,0.006146768657624372,1.6176827652841619,0.9009213471631663,1.6011140727823148,2.389678090519709e-06,2.5
NIKKEI,HS-250,0.025,282,-0.004956845624802158,0.011646143730156978,0.006583706707214407,0.015313623981240186,0.006125449592496075,0.0035187254310341818,1.9012716624791066,1.07481199670302,1.8710487181375224,1.252520168026905e-06,6.25
NIKKEI,HS-250,0.05,282,-0.0024244180525079193,0.008362700455697952,0.004907895489267664,0.013953964312170318,0.003946777115828284,0.0025458351372379296,2.1188681828927978,1.2435197998855523,1.927813556141118,2.3487062295046712e-09,12.5
HSI,HS-250,0.01,284,-0.007170444713800802,0.014124565953329664,0.006614629985705198,0.015981199108594357,0.01010739778476215,0.004789078482019853,1.397448310051057,0.6544345168325495,1.3811905590061235,1.0731719273238127e-06,2.5
HSI,HS-250,0.025,284,-0.0035794369520150936,0.008936638651565002,0.004424968136234881,0.01449708815607431,0.005798835262429724,0.003268765948810675,1.5411092481734912,0.7630787797859961,1.3537121364852949,0.00017160025311824256,6.25
HSI,HS-250,0.05,284,-0.0017596684170043497,0.006831194643766382,0.003401561963044703,0.012866149682338669,0.0036390966752571268,0.0018336242502533084,1.8771676746630293,0.9347270123853908,1.8551030630047514,1.7945990138379386e-08,12.5
BOVESPA,HS-250,0.01,286,-0.007954063086819433,0.01857455742108116,0.00969965969295135,0.018958794223403116,0.011990594287279398,0.004910264012391995,1.5490939795024645,0.808939028421764,1.9753845553869191,0.0005646448065738108,2.5
BOVESPA,HS-250,0.025,286,-0.004919700273053145,0.014122617292397666,0.0075622185884265,0.018940656008530427,0.00757626240341217,0.002720879679679319,1.8640612666790912,0.9981463399447008,2.7793285549906335,0.0005194479455771228,6.25
BOVESPA,HS-250,0.05,286,-0.0027041358268956785,0.010097189970265435,0.005552130089585464,0.016574728835825975,0.004688041262456303,0.0019031365996210554,2.1538184936911167,1.1843176667511712,2.91735763512245,2.4173705259755707e-09,12.5
NIFTY,HS-250,0.01,193,-0.004543300044668645,0.016385831007606863,0.009020417712551075,0.01696898785297113,0.010732130240623838,0.004626208836538823,1.5268013563218168,0.8405057999022881,1.949850953831962,0.0007921088189523084,2.5
NIFTY,HS-250,0.025,193,-0.0021522219523539996,0.012067813632371941,0.006354611833739186,0.015791185565246377,0.00631647422609855,0.0025460527087908806,1.9105300204518967,1.0060377999300714,2.4958681380783307,0.0035319201838627245,6.25
NIFTY,HS-250,0.05,193,-0.0007092660033468985,0.008515672910943088,0.004349673449253042,0.013565680977325445,0.003836954004192069,0.0014744796241552064,2.2193836312969295,1.1336266852562737,2.949971893809763,1.4333306466163265e-06,12.5
ASX200,HS-250,0.01,292,-0.00519149382899072,0.01154406983851326,0.006230500222641049,0.011664000206421745,0.007376961456193369,0.004018957528079939,1.5648814091093524,0.8445889624935207,1.5502776974151493,2.2331917883700036e-05,2.5
ASX200,HS-250,0.025,292,-0.0031354761394227974,0.008246441126733346,0.004586737530622771,0.010688185026967766,0.004275274010787106,0.0018648927327576954,1.9288684435024368,1.0728522941570058,2.459518153540214,1.6919722689023864e-05,6.25
ASX200,HS-250,0.05,292,-0.0018287503524452727,0.006052699815165319,0.003368216411176883,0.009840220808803058,0.002783234744911046,0.0013287669759955195,2.17469971810041,1.2101804985495515,2.534843559498758,8.98213725619712e-11,12.5
ICLN,HS-250,0.01,189,-0.007348744583398049,0.02238577991175246,0.010690194669499664,0.022358424605048145,0.014140709329020553,0.00422497498800699,1.5830733374747188,0.7559871588308869,2.5302385694222664,0.324506440100066,2.5
ICLN,HS-250,0.025,189,-0.0035070640914965606,0.015362706052364193,0.0076297376641837385,0.018615054208543706,0.007446021683417482,0.0021842823940768164,2.063209953655844,1.0246730386476577,3.49301797463255,0.009493346666393121,6.25
ICLN,HS-250,0.05,189,-0.001453408022366306,0.010584807720432807,0.005325920550751169,0.015929290280449156,0.0045054836707178235,0.0018212488837417115,2.34931663146976,1.1820974039625431,2.9243233027048974,2.703543153681487e-06,12.5
TLT,HS-250,0.01,260,-0.003356165558386879,0.0078060737838978635,0.003954909178050662,0.008199939409428016,0.005186097041833701,0.0020257282582432532,1.5051923866696082,0.7625983752614635,1.9523394423497,0.0023220320007717454,2.5
TLT,HS-250,0.025,260,-0.0018325078046774266,0.00487365794466095,0.002428260005956252,0.007182704814809931,0.0028730819259239725,0.0013282595621050852,1.6963170805140197,0.8451760404205435,1.8281517221738175,0.0009857846296926764,6.25
TLT,HS-250,0.05,260,-0.0009757893234471084,0.0034510705201881765,0.0016576048827216308,0.006198826182693863,0.0017532928116718203,0.001012740523671158,1.968336661859391,0.94542387425923,1.636751807573431,2.449795255543563e-09,12.5
IBGL,HS-250,0.01,196,-0.004464855220300843,0.011818552920876663,0.00553008322558872,0.013710961854294965,0.008671573674251557,0.0018077664983662978,1.3629075142346319,0.6377254502270052,3.0590694266025666,0.0026413032484312593,2.5
IBGL,HS-250,0.025,196,-0.0019124857867910514,0.00538281490818965,0.0024765972368584557,0.011179286960901503,0.004471714784360601,0.0013561192549304743,1.2037473693571727,0.5538361358645055,1.8262385316440524,0.003142737691814723,6.25
IBGL,HS-250,0.05,196,-0.0007043088328568674,0.0034310531604298594,0.0014519396389480643,0.00922668601822458,0.002609700900546282,0.0011449272212151224,1.3147304197625276,0.5563624699842551,1.2681501601535046,5.571164262141437e-07,12.5
DJCI,HS-250,0.01,111,-0.0035848622306047084,0.0073416252849843044,0.003484742580253212,0.007245514691296613,0.0045824658489418135,0.0032995554973358934,1.6021123838117939,0.7604514021763875,1.0561248577473061,0.023329581591803317,2.5
DJCI,HS-250,0.025,111,-0.0021387186716977,0.005539242194802927,0.0023255357308828847,0.007757918104480641,0.0031031672417922563,0.0018920562003317154,1.7850285734531337,0.7494071539437092,1.2291049972380164,0.011930145755501553,6.25
DJCI,HS-250,0.05,111,-0.0011087980979217372,0.0041412602826787475,0.0016036039096715526,0.007695377835970786,0.0021765815406430407,0.0013983809320578535,1.9026442177099738,0.736753427210354,1.1467575629136286,5.377000945838706e-05,12.5
GOLD,HS-250,0.01,282,-0.0059044063588329036,0.01140686694397865,0.006364172061393446,0.01366786140109885,0.008644314554194515,0.0029629717538495266,1.3195802712250506,0.7362263394620843,2.147901698058728,0.00025196447139208544,2.5
GOLD,HS-250,0.025,282,-0.003368770832055451,0.007473899092717601,0.003947667181115009,0.012025578048150541,0.004810231219260217,0.0022332371492490987,1.5537504855883082,0.8206813770840178,1.7676883005651094,8.71072006549678e-05,6.25
GOLD,HS-250,0.05,282,-0.001792004859605532,0.004940174379687422,0.0024611909622313413,0.010656255521326199,0.0030140442164745375,0.0018593951478501137,1.6390517274712837,0.8165742721286761,1.3236513847403772,6.125974172377369e-10,12.5
WTI,HS-250,0.01,282,-0.015326605394484775,0.038949843927508034,0.018336790599979627,0.03680485302777509,0.023277432903102743,0.009022220717274558,1.6732877757459352,0.78774969200042,2.0324032380266157,3.950415512710137e-06,2.5
WTI,HS-250,0.025,282,-0.00812046643147473,0.02425073602243237,0.012481152433792777,0.031235647183581638,0.012494258873432655,0.004959917453455303,1.9409503411201336,0.9989510030348621,2.5164032568924792,4.093142666250493e-06,6.25
WTI,HS-250,0.05,282,-0.00432746901138537,0.016732010227884026,0.008737500034322523,0.027686852964073114,0.007831024592244384,0.0031789257266095533,2.1366310411609377,1.1157543858278627,2.7485700471654,6.370687311019196e-10,12.5
NATGAS,HS-250,0.01,282,-0.014813717747598702,0.026231224614375766,0.01427836465803432,0.03579632399736819,0.022639583138605337,0.01134832739303623,1.1586443289958777,0.6306814295395152,1.2581911116519315,0.00016893417526731014,2.5
NATGAS,HS-250,0.025,282,-0.007682343421402005,0.017219558307263523,0.008826215364374607,0.03126357877165216,0.012505431508660864,0.006611235329091003,1.3769663442111377,0.7057905485517914,1.335032701912329,0.00037817943927331843,6.25
NATGAS,HS-250,0.05,282,-0.0037558830738959534,0.012569336388242588,0.005996954458102832,0.028155461771640806,0.007963567178466328,0.0050255811396691455,1.5783550394640191,0.7530487686873211,1.1932857696329298,3.2549885009558466e-10,12.5
CBU0,HS-250,0.01,156,-0.0030358157662547735,0.0047757620166642605,0.0023910354036063724,0.004908046376789929,0.00310412108247863,0.001059927009554347,1.5385231083997635,0.7702777501504996,2.2558491123003823,2.0685033361833582e-05,2.5
CBU0,HS-250,0.025,156,-0.0015078045304040626,0.002294244984545904,0.001161045209088145,0.0035201079018263724,0.001408043160730549,0.0007425728773439225,1.6293854112792665,0.8245806957265064,1.563543787434088,0.0,6.25
CBU0,HS-250,0.05,156,-0.0007589928943870334,0.0016582143667775466,0.000793192951474479,0.0032107967308230055,0.000908150456550618,0.0005661549016126505,1.825924718549235,0.873415793333655,1.4010175469913402,0.0,12.5
BTC,HS-250,0.01,177,-0.021994072274212663,0.03851507752940548,0.019725286751644793,0.05360329959376449,0.03390170336333484,0.013143045785437577,1.136080895895634,0.5818376304058505,1.5008154938865315,0.021632964901472373,2.5
BTC,HS-250,0.025,177,-0.01101738141487068,0.0179053225260753,0.01139811930794846,0.044899952408726594,0.01795998096349064,0.011001190440828198,0.9969566539337402,0.6346398323650094,1.0360805377613644,0.0030076371759897302,6.25
BTC,HS-250,0.05,177,-0.00565346758980551,0.012567990488505583,0.008178732215518857,0.03954435124345354,0.011184831568747472,0.008035615153961995,1.1236638130182413,0.7312342761040566,1.0178103429314056,1.3379901872001554e-06,12.5
ETH,HS-250,0.01,122,-0.014445161703482473,0.03201733175891379,0.01855535614532716,0.03494262073999612,0.0220996537907652,0.01615542747995286,1.448770739218227,0.8396220285170666,1.1485524705769843,0.0030932193385693196,2.5
ETH,HS-250,0.025,122,-0.008387701116919284,0.02166010952727268,0.011881294307545526,0.03514860544735323,0.014059442178941292,0.012238588240632979,1.5406094531770205,0.8450757971992466,0.9708059519560261,0.010535150274713634,6.25
ETH,HS-250,0.05,122,-0.0035761238300963728,0.01594222669761339,0.007892439395559146,0.03472524084096465,0.009821781310792862,0.008492747491191867,1.6231502405877185,0.8035649691045738,0.9293152073277438,5.9343372468934064e-05,12.5
EURUSD,HS-250,0.01,252,-0.004087369107441427,0.009768472008866744,0.0038246327974309595,0.013678117406088354,0.008650801021286693,0.001930966039731841,1.1291985545419254,0.44211313935204766,1.9806836157315837,0.0024346346267499763,2.5
EURUSD,HS-250,0.025,252,-0.002213953933911459,0.00680955311027085,0.0030772900293763203,0.01320544349044595,0.00528217739617838,0.0010793009600362038,1.2891564594550566,0.5825798337637655,2.851188077580415,0.0008739412170043481,6.25
EURUSD,HS-250,0.05,252,-0.00107705105914946,0.004320802767436937,0.0019151798419493134,0.010671015499125401,0.003018218968631329,0.0008317939007885506,1.4315736572937552,0.634539727519435,2.3024692055732796,3.857397423701059e-08,12.5
GBPUSD,HS-250,0.01,253,-0.003008852311226032,0.007939361983523109,0.004333504162949288,0.008210556341006202,0.005192811778943548,0.0016850137060212295,1.528913875853658,0.8345197837752013,2.5717916403076964,3.3561773709611664e-05,2.5
GBPUSD,HS-250,0.025,253,-0.0015891577257095228,0.004566462567275559,0.0025141231595171704,0.006814748839687762,0.0027258995358751047,0.000888298288769535,1.6752130836727894,0.9223095445849046,2.8302690563546142,0.0007648049299305848,6.25
GBPUSD,HS-250,0.05,253,-0.0009374673743606743,0.0030821205502196522,0.001603779672792023,0.00573383653097877,0.001621773877308095,0.0006434908931884112,1.9004625696250064,0.9889046156385626,2.492311374983894,1.824573603315116e-08,12.5
USDJPY,HS-250,0.01,301,-0.004748695818206359,0.010966281166604105,0.0038118265079635973,0.014502873417280352,0.0091724225231431,0.0025877774081004916,1.1955708689754412,0.4155746748850602,1.4730117420576738,2.1951711794976347e-06,2.5
USDJPY,HS-250,0.025,301,-0.0025065275609018013,0.006604982770428366,0.0026090347131925954,0.012702119567046352,0.005080847826818541,0.0015707538840604468,1.299976499111997,0.5135038092306509,1.6610079654542447,0.0002140260212577516,6.25
USDJPY,HS-250,0.05,301,-0.0012429376268805322,0.004067272487770662,0.0017205057128694004,0.01019474140609497,0.0028835083122772127,0.0011503555254009639,1.4105291357938161,0.5966709738771843,1.4956295465870928,5.498386190794236e-10,12.5
AUDUSD,HS-250,0.01,222,-0.004082144050306765,0.007871231701884569,0.004192102138117132,0.008236436889036743,0.005209180074717527,0.0018918485582351359,1.511030831912908,0.8047527783620444,2.2158761703568137,0.00025151066689710344,2.5
AUDUSD,HS-250,0.025,222,-0.00245105531034134,0.006943255604426552,0.0037720335940772958,0.00881362705761553,0.0035254508230462118,0.0012227544379894181,1.9694660209235713,1.0699436138547582,3.0848660016149045,0.00011581349572076238,6.25
AUDUSD,HS-250,0.05,222,-0.0013957618306466644,0.005335542895485918,0.002882250579041956,0.008256152564745595,0.0023351925860169266,0.0009167601445293847,2.2848406283211977,1.2342667565411087,3.143952751699899,1.1782398390280946e-08,12.5
